url,slug,tier,gsc_clicks,gsc_impressions
https://jobrecruitment.in/,home,PILLAR,436,33565
https://jobrecruitment.in/?utm_source=google&utm_medium=organic&utm_campaign=gbp_listing,home,PILLAR,9,880
https://jobrecruitment.in/jobs,jobs,PILLAR,4,316
https://jobrecruitment.in/it-recruitment-agency-in-ahmedabad.html,it-recruitment-agency-in-ahmedabad,PILLAR,0,60
https://jobrecruitment.in/it-recruitment-agency-in-mumbai.html,it-recruitment-agency-in-mumbai,PILLAR,0,60
https://jobrecruitment.in/job-consultancy-template.php?city=Mumbai&industry=Retail,job-consultancy-template.php,PILLAR,0,56
https://jobrecruitment.in/job-consultancy-in-ahmedabad.html,job-consultancy-in-ahmedabad,PILLAR,0,53
https://jobrecruitment.in/about.html,about,PILLAR,0,52
https://jobrecruitment.in/contact.html,contact,PILLAR,2,47
https://jobrecruitment.in/contact-us-jobrecruitment-in/,contact-us-jobrecruitment-in,PILLAR,1,44
https://jobrecruitment.in/bpo-telecaller-job-in-tamil-nadu.html,bpo-telecaller-job-in-tamil-nadu,PILLAR,0,41
https://jobrecruitment.in/job.php?role=React-Developer&city=Kolkata&country=India,job.php,PILLAR,0,41
https://jobrecruitment.in/terms.html,terms,PILLAR,1,40
https://jobrecruitment.in/manufacturing-recruitment-agency-in-patna.html,manufacturing-recruitment-agency-in-patna,PILLAR,0,32
https://jobrecruitment.in/recruitment-management-software.html,recruitment-management-software,PILLAR,0,31
https://jobrecruitment.in/how-to-make-your-resume-stand-out/,how-to-make-your-resume-stand-out,PILLAR,0,30
https://jobrecruitment.in/job/real-estate-sales-executive-zundal-ahmedabad-20a64b,job/real-estate-sales-executive-zundal-ahmedabad-20a64b,PILLAR,3,30
https://jobrecruitment.in/retail-recruitment-agency-in-bangalore.html,retail-recruitment-agency-in-bangalore,PILLAR,0,30
https://jobrecruitment.in/employer.html,employer,PILLAR,1,29
https://jobrecruitment.in/job.php?role=React-Developer&city=Dhanbad&country=India,job.php,PILLAR,0,29
https://jobrecruitment.in/jobs.html,jobs,PILLAR,1,29
https://jobrecruitment.in/healthcare-recruitment-agency-in-bangalore.html,healthcare-recruitment-agency-in-bangalore,PILLAR,0,28
https://jobrecruitment.in/job-consultancy-template.php?city=Hyderabad&industry=Retail,job-consultancy-template.php,PILLAR,0,27
https://jobrecruitment.in/ahmedabad-salary-guide-2026.html,ahmedabad-salary-guide-2026,PILLAR,0,26
https://jobrecruitment.in/contact,contact,PILLAR,0,26
https://jobrecruitment.in/manufacturing-recruitment-agency-in-jaipur.html,manufacturing-recruitment-agency-in-jaipur,PILLAR,0,26
https://jobrecruitment.in/recruiter-responsibilities,recruiter-responsibilities,PILLAR,0,26
https://jobrecruitment.in/talent-acquisition-job-in-hyderabad.html,talent-acquisition-job-in-hyderabad,PILLAR,0,21
https://jobrecruitment.in/about,about,PILLAR,0,20
https://jobrecruitment.in/blog.html,blog,PILLAR,2,20
https://jobrecruitment.in/privacy.html,privacy,PILLAR,1,19
https://jobrecruitment.in/pharmacist-job-in-patna.html,pharmacist-job-in-patna,PILLAR,0,18
https://jobrecruitment.in/retail-recruitment-agency-in-kolkata.html,retail-recruitment-agency-in-kolkata,PILLAR,0,18
https://jobrecruitment.in/talent-acquisition-job-in-bengaluru.html,talent-acquisition-job-in-bengaluru,PILLAR,0,18
https://jobrecruitment.in/manufacturing-recruitment-agency-in-kolkata.html,manufacturing-recruitment-agency-in-kolkata,PILLAR,0,17
https://jobrecruitment.in/job-consultancy-template.php?city=Delhi&industry=Real+Estate,job-consultancy-template.php,PILLAR,0,16
https://jobrecruitment.in/job-consultancy-template.php?city=Bangalore&industry=Manufacturing,job-consultancy-template.php,WEAK,0,15
https://jobrecruitment.in/real-estate-recruitment-agency-in-ludhiana.html,real-estate-recruitment-agency-in-ludhiana,WEAK,0,14
https://jobrecruitment.in/recruitment-process-in-hrm.html,recruitment-process-in-hrm,WEAK,0,14
https://jobrecruitment.in/it-recruitment-agency-in-visakhapatnam.html,it-recruitment-agency-in-visakhapatnam,WEAK,0,13
https://jobrecruitment.in/recruitment-management-software,recruitment-management-software,WEAK,0,13
https://jobrecruitment.in/cashier-job-in-india.html,cashier-job-in-india,WEAK,0,12
https://jobrecruitment.in/job-consultancy-template.php?city=Ahmedabad&industry=Real+Estate,job-consultancy-template.php,WEAK,0,12
https://jobrecruitment.in/job-consultancy-template.php?city=Bangalore&industry=Logistics,job-consultancy-template.php,WEAK,0,12
https://jobrecruitment.in/job-consultancy-template.php?city=Kolkata&industry=FMCG,job-consultancy-template.php,WEAK,0,12
https://jobrecruitment.in/job-consultancy-template.php?city=Srinagar&industry=Logistics,job-consultancy-template.php,WEAK,0,12
https://jobrecruitment.in/job.php?role=Lab-Technician&city=Bhopal&country=India,job.php,WEAK,0,12
https://jobrecruitment.in/manufacturing-recruitment-agency-in-ahmedabad.html,manufacturing-recruitment-agency-in-ahmedabad,WEAK,0,12
https://jobrecruitment.in/warehouse-manager-job-in-srinagar.html,warehouse-manager-job-in-srinagar,WEAK,0,12
https://jobrecruitment.in/cashier-job-in-meerut.html,cashier-job-in-meerut,WEAK,1,11
https://jobrecruitment.in/it-recruitment-agency-in-lucknow.html,it-recruitment-agency-in-lucknow,WEAK,0,11
https://jobrecruitment.in/it-recruitment-agency-in-nashik.html,it-recruitment-agency-in-nashik,WEAK,1,11
https://jobrecruitment.in/job-consultancy-template.php?city=Kolkata&industry=Retail,job-consultancy-template.php,WEAK,0,11
https://jobrecruitment.in/job.php?role=Accountant&city=Vijayawada&country=India,job.php,WEAK,0,11
https://jobrecruitment.in/article.php?role=Pharmacist&city=Patna&country=India,article.php,WEAK,0,10
https://jobrecruitment.in/job-consultancy-template.php?city=Kolkata&industry=Healthcare,job-consultancy-template.php,WEAK,0,10
https://jobrecruitment.in/job-consultancy-template.php?city=Kolkata&industry=Manufacturing,job-consultancy-template.php,WEAK,0,10
https://jobrecruitment.in/job-consultancy-template.php?city=Pimpri-Chinchwad&industry=Real+Estate,job-consultancy-template.php,WEAK,0,10
https://jobrecruitment.in/job.php?role=Lab-Technician&state=Karnataka&country=India,job.php,WEAK,0,10
https://jobrecruitment.in/logistics-recruitment-agency-in-ghaziabad.html,logistics-recruitment-agency-in-ghaziabad,WEAK,0,10
https://jobrecruitment.in/manufacturing-recruitment-agency-in-chennai.html,manufacturing-recruitment-agency-in-chennai,WEAK,0,10
https://jobrecruitment.in/pharmacist-job-in-jaipur.html,pharmacist-job-in-jaipur,WEAK,0,10
https://jobrecruitment.in/pharmacist-job-in-rajkot.html,pharmacist-job-in-rajkot,WEAK,0,10
https://jobrecruitment.in/retail-recruitment-agency-in-howrah.html,retail-recruitment-agency-in-howrah,WEAK,0,10
https://jobrecruitment.in/accountant-job-in-meerut.html,accountant-job-in-meerut,WEAK,0,9
https://jobrecruitment.in/article.php?role=Cloud-DevOps-Engineer&country=India,article.php,WEAK,0,9
https://jobrecruitment.in/article.php?role=SEO-Executive&country=India,article.php,WEAK,0,9
https://jobrecruitment.in/article.php?role=Talent-Acquisition&country=India,article.php,WEAK,0,9
https://jobrecruitment.in/cashier-job-in-visakhapatnam.html,cashier-job-in-visakhapatnam,WEAK,2,9
https://jobrecruitment.in/job-consultancy-template.php?city=Ghaziabad&industry=Retail,job-consultancy-template.php,WEAK,0,9
https://jobrecruitment.in/job-vacancy-for-freshers,job-vacancy-for-freshers,WEAK,0,9
https://jobrecruitment.in/job.php?role=Safety-Officer&city=Ranchi&country=India,job.php,WEAK,0,9
https://jobrecruitment.in/jobs-in-cg-road-ahmedabad.html,jobs-in-cg-road-ahmedabad,WEAK,0,9
https://jobrecruitment.in/jobs-in-science-city-ahmedabad.html,jobs-in-science-city-ahmedabad,WEAK,0,9
https://jobrecruitment.in/lab-technician-job-in-patna.html,lab-technician-job-in-patna,WEAK,0,9
https://jobrecruitment.in/pharmacist-job-in-indore.html,pharmacist-job-in-indore,WEAK,0,9
https://jobrecruitment.in/pharmacist-job-in-rajasthan.html,pharmacist-job-in-rajasthan,WEAK,0,9
https://jobrecruitment.in/pharmacist-job-in-varanasi.html,pharmacist-job-in-varanasi,WEAK,0,9
https://jobrecruitment.in/recruitment-agencies,recruitment-agencies,WEAK,1,9
https://jobrecruitment.in/retail-recruitment-agency-in-delhi.html,retail-recruitment-agency-in-delhi,WEAK,0,9
https://jobrecruitment.in/accountant-job-in-srinagar.html,accountant-job-in-srinagar,WEAK,0,8
https://jobrecruitment.in/article.php?role=Pharmacist&city=Ranchi&country=India,article.php,WEAK,0,8
https://jobrecruitment.in/article.php?role=Python-Developer&country=India,article.php,WEAK,0,8
https://jobrecruitment.in/blog,blog,WEAK,0,8
https://jobrecruitment.in/category/job/,category/job,WEAK,0,8
https://jobrecruitment.in/job-consultancy-template.php?city=Chandigarh&industry=Real+Estate,job-consultancy-template.php,WEAK,0,8
https://jobrecruitment.in/job-consultancy-template.php?city=Delhi&industry=Manufacturing,job-consultancy-template.php,WEAK,0,8
https://jobrecruitment.in/job-consultancy-template.php?city=Indore&industry=BFSI,job-consultancy-template.php,WEAK,0,8
https://jobrecruitment.in/job-consultancy-template.php?city=Meerut&industry=Healthcare,job-consultancy-template.php,WEAK,0,8
https://jobrecruitment.in/job.php?role=Accountant&city=Ludhiana&country=India,job.php,WEAK,0,8
https://jobrecruitment.in/job.php?role=UI-UX-Designer&city=Guwahati&country=India,job.php,WEAK,0,8
https://jobrecruitment.in/jobs-in-naroda-ahmedabad.html,jobs-in-naroda-ahmedabad,WEAK,0,8
https://jobrecruitment.in/lab-technician-job-in-ludhiana.html,lab-technician-job-in-ludhiana,WEAK,0,8
https://jobrecruitment.in/logistics-recruitment-agency-in-surat.html,logistics-recruitment-agency-in-surat,WEAK,0,8
https://jobrecruitment.in/medical-representative-job-in-jodhpur.html,medical-representative-job-in-jodhpur,WEAK,2,8
https://jobrecruitment.in/pharmacist-job-in-ranchi.html,pharmacist-job-in-ranchi,WEAK,1,8
https://jobrecruitment.in/pharmacist-job-in-telangana.html,pharmacist-job-in-telangana,WEAK,0,8
https://jobrecruitment.in/staffing-companies-in-india,staffing-companies-in-india,WEAK,1,8
https://jobrecruitment.in/article.php?role=Cashier&country=India,article.php,WEAK,0,7
https://jobrecruitment.in/article.php?role=Financial-Analyst&country=India,article.php,WEAK,0,7
https://jobrecruitment.in/disclaimer.html,disclaimer,WEAK,0,7
https://jobrecruitment.in/education-recruitment-agency-in-lucknow.html,education-recruitment-agency-in-lucknow,WEAK,1,7
https://jobrecruitment.in/healthcare-recruitment-agency-in-delhi.html,healthcare-recruitment-agency-in-delhi,WEAK,0,7
https://jobrecruitment.in/job-consultancy-template.php?city=Hyderabad&industry=FMCG,job-consultancy-template.php,WEAK,1,7
https://jobrecruitment.in/job-consultancy-template.php?city=Mumbai&industry=FMCG,job-consultancy-template.php,WEAK,1,7
https://jobrecruitment.in/job-consultancy-template.php?city=Navi+Mumbai&industry=Logistics,job-consultancy-template.php,WEAK,1,7
https://jobrecruitment.in/job-consultancy-template.php?city=Chennai&industry=BFSI,job-consultancy-template.php,WEAK,0,7
https://jobrecruitment.in/job-consultancy-template.php?city=Hyderabad&industry=Real+Estate,job-consultancy-template.php,WEAK,0,7
https://jobrecruitment.in/job-consultancy-template.php?city=Mumbai&industry=Logistics,job-consultancy-template.php,WEAK,0,7
https://jobrecruitment.in/job-recruitment-vs-randstad-ahmedabad,job-recruitment-vs-randstad-ahmedabad,WEAK,0,7
https://jobrecruitment.in/job.php?role=Data-Analyst&city=Rajkot&country=India,job.php,WEAK,0,7
https://jobrecruitment.in/manufacturing-recruitment-agency-in-ghaziabad.html,manufacturing-recruitment-agency-in-ghaziabad,WEAK,0,7
https://jobrecruitment.in/pharmacist-job-in-guwahati.html,pharmacist-job-in-guwahati,WEAK,0,7
https://jobrecruitment.in/pharmacist-job-in-surat.html,pharmacist-job-in-surat,WEAK,0,7
https://jobrecruitment.in/recruiter-responsibilities.html,recruiter-responsibilities,WEAK,0,7
https://jobrecruitment.in/talent-acquisition-job-in-jabalpur.html,talent-acquisition-job-in-jabalpur,WEAK,0,7
https://jobrecruitment.in/this-article-is-packed-with-useful-information-about-employment/,this-article-is-packed-with-useful-information-about-employment,WEAK,0,7
https://jobrecruitment.in/ui-ux-designer-job-in-tamil-nadu.html,ui-ux-designer-job-in-tamil-nadu,WEAK,0,7
https://jobrecruitment.in/article.php?role=React-Developer&city=Pune&country=India,article.php,WEAK,0,6
https://jobrecruitment.in/cashier-job-in-guwahati.html,cashier-job-in-guwahati,WEAK,0,6
https://jobrecruitment.in/engineering-recruitment-agency-in-chennai.html,engineering-recruitment-agency-in-chennai,WEAK,0,6
https://jobrecruitment.in/job-consultancy-template.php?city=Kolkata&industry=Engineering,job-consultancy-template.php,WEAK,0,6
https://jobrecruitment.in/job-consultancy-template.php?city=Lucknow&industry=BFSI,job-consultancy-template.php,WEAK,0,6
https://jobrecruitment.in/job-consultancy-template.php?city=Madurai&industry=Healthcare,job-consultancy-template.php,WEAK,0,6
https://jobrecruitment.in/job-consultancy-template.php?city=Pune&industry=Engineering,job-consultancy-template.php,WEAK,0,6
https://jobrecruitment.in/job-consultancy-template.php?city=Surat&industry=Education,job-consultancy-template.php,WEAK,0,6
https://jobrecruitment.in/job.php?role=Bank-Clerk&city=Gwalior&country=India,job.php,WEAK,0,6
https://jobrecruitment.in/job.php?role=Mechanical-Engineer&city=Ranchi&country=India,job.php,WEAK,0,6
https://jobrecruitment.in/job.php?role=React-Developer&city=Nashik&country=India,job.php,WEAK,0,6
https://jobrecruitment.in/job.php?role=iOS-Developer&city=Vadodara&country=India,job.php,WEAK,0,6
https://jobrecruitment.in/jobs-in-gota-ahmedabad.html,jobs-in-gota-ahmedabad,WEAK,0,6
https://jobrecruitment.in/lab-technician-job-in-ranchi.html,lab-technician-job-in-ranchi,WEAK,0,6
https://jobrecruitment.in/lab-technician-job-in-varanasi.html,lab-technician-job-in-varanasi,WEAK,0,6
https://jobrecruitment.in/lab-technician-job-in-vijayawada.html,lab-technician-job-in-vijayawada,WEAK,0,6
https://jobrecruitment.in/manufacturing-recruitment-agency-in-gwalior.html,manufacturing-recruitment-agency-in-gwalior,WEAK,0,6
https://jobrecruitment.in/mechanical-engineer-job-in-india.html,mechanical-engineer-job-in-india,WEAK,0,6
https://jobrecruitment.in/mechanical-engineer-job-in-patna.html,mechanical-engineer-job-in-patna,WEAK,0,6
https://jobrecruitment.in/pharmacist-job-in-bhopal.html,pharmacist-job-in-bhopal,WEAK,0,6
https://jobrecruitment.in/pharmacist-job-in-raipur.html,pharmacist-job-in-raipur,WEAK,0,6
https://jobrecruitment.in/pharmacist-job-in-tamil-nadu.html,pharmacist-job-in-tamil-nadu,WEAK,0,6
https://jobrecruitment.in/supply-chain-analyst-job-in-vijayawada.html,supply-chain-analyst-job-in-vijayawada,WEAK,0,6
https://jobrecruitment.in/article.php?role=Bank-Clerk&country=India,article.php,WEAK,1,5
https://jobrecruitment.in/article.php?role=Financial-Analyst&city=Lucknow&country=India,article.php,WEAK,0,5
https://jobrecruitment.in/article.php?role=Pharmacist&city=Bhopal&country=India,article.php,WEAK,0,5
https://jobrecruitment.in/content-writer-job-in-kota.html,content-writer-job-in-kota,WEAK,1,5
https://jobrecruitment.in/data-analyst-job-in-coimbatore.html,data-analyst-job-in-coimbatore,WEAK,0,5
https://jobrecruitment.in/data-analyst-job-in-madurai.html,data-analyst-job-in-madurai,WEAK,0,5
https://jobrecruitment.in/explore-the-top-employment-tips-here/,explore-the-top-employment-tips-here,WEAK,0,5
https://jobrecruitment.in/fmcg-recruitment-agency-in-coimbatore.html,fmcg-recruitment-agency-in-coimbatore,WEAK,1,5
https://jobrecruitment.in/healthcare-recruitment-agency-in-faridabad.html,healthcare-recruitment-agency-in-faridabad,WEAK,0,5
https://jobrecruitment.in/healthcare-recruitment-agency-in-hyderabad.html,healthcare-recruitment-agency-in-hyderabad,WEAK,0,5
https://jobrecruitment.in/healthcare-recruitment-agency-in-mumbai.html,healthcare-recruitment-agency-in-mumbai,WEAK,0,5
https://jobrecruitment.in/index.html,index,WEAK,1,5
https://jobrecruitment.in/it-recruitment-agency-in-coimbatore.html,it-recruitment-agency-in-coimbatore,WEAK,0,5
https://jobrecruitment.in/java-developer-job-in-vijayawada.html,java-developer-job-in-vijayawada,WEAK,0,5
https://jobrecruitment.in/job-consultancy-template.php?city=Ahmedabad&industry=IT,job-consultancy-template.php,WEAK,0,5
https://jobrecruitment.in/job-consultancy-template.php?city=Indore&industry=FMCG,job-consultancy-template.php,WEAK,0,5
https://jobrecruitment.in/job-consultancy-template.php?city=Mumbai&industry=BFSI,job-consultancy-template.php,WEAK,0,5
https://jobrecruitment.in/job-consultancy-template.php?city=Navi+Mumbai&industry=Retail,job-consultancy-template.php,WEAK,0,5
https://jobrecruitment.in/job-consultancy-template.php?city=Pimpri-Chinchwad&industry=Healthcare,job-consultancy-template.php,WEAK,0,5
https://jobrecruitment.in/job-consultancy-template.php?city=Pimpri-Chinchwad&industry=Logistics,job-consultancy-template.php,WEAK,0,5
https://jobrecruitment.in/job.php?role=Cloud-DevOps-Engineer&city=Aurangabad&country=India,job.php,WEAK,0,5
https://jobrecruitment.in/job.php?role=Lab-Technician&city=Gwalior&country=India,job.php,WEAK,0,5
https://jobrecruitment.in/job.php?role=Logistics-Coordinator&city=Indore&country=India,job.php,WEAK,0,5
https://jobrecruitment.in/job.php?role=Mechanical-Engineer&city=Patna&country=India,job.php,WEAK,0,5
https://jobrecruitment.in/job.php?role=Pharmacist&city=Lucknow&country=India,job.php,WEAK,0,5
https://jobrecruitment.in/job.php?role=Python-Developer&city=Bhopal&country=India,job.php,WEAK,0,5
https://jobrecruitment.in/job.php?role=React-Developer&city=Pune&country=India,job.php,WEAK,0,5
https://jobrecruitment.in/job.php?role=Talent-Acquisition&city=Madurai&country=India,job.php,WEAK,0,5
https://jobrecruitment.in/jobs-in-memnagar-ahmedabad.html,jobs-in-memnagar-ahmedabad,WEAK,0,5
https://jobrecruitment.in/lab-technician-job-in-thane.html,lab-technician-job-in-thane,WEAK,0,5
https://jobrecruitment.in/logistics-coordinator-job-in-srinagar.html,logistics-coordinator-job-in-srinagar,WEAK,0,5
https://jobrecruitment.in/logistics-recruitment-agency-in-faridabad.html,logistics-recruitment-agency-in-faridabad,WEAK,0,5
https://jobrecruitment.in/logistics-recruitment-agency-in-kanpur.html,logistics-recruitment-agency-in-kanpur,WEAK,0,5
https://jobrecruitment.in/mechanical-engineer-job-in-mumbai.html,mechanical-engineer-job-in-mumbai,WEAK,0,5
https://jobrecruitment.in/pharmacist-job-in-kanpur.html,pharmacist-job-in-kanpur,WEAK,0,5
https://jobrecruitment.in/pharmacist-job-in-kolkata.html,pharmacist-job-in-kolkata,WEAK,0,5
https://jobrecruitment.in/pharmacist-job-in-lucknow.html,pharmacist-job-in-lucknow,WEAK,0,5
https://jobrecruitment.in/pharmacist-job-in-ludhiana.html,pharmacist-job-in-ludhiana,WEAK,0,5
https://jobrecruitment.in/pharmacist-job-in-pune.html,pharmacist-job-in-pune,WEAK,0,5
https://jobrecruitment.in/pharmacist-job-in-vadodara.html,pharmacist-job-in-vadodara,WEAK,0,5
https://jobrecruitment.in/pharmacist-job-in-vijayawada.html,pharmacist-job-in-vijayawada,WEAK,0,5
https://jobrecruitment.in/python-developer-job-in-jaipur.html,python-developer-job-in-jaipur,WEAK,0,5
https://jobrecruitment.in/react-developer-job-in-visakhapatnam.html,react-developer-job-in-visakhapatnam,WEAK,0,5
https://jobrecruitment.in/risk-compliance-analyst-job-in-bhopal.html,risk-compliance-analyst-job-in-bhopal,WEAK,0,5
https://jobrecruitment.in/safety-officer-job-in-kolkata.html,safety-officer-job-in-kolkata,WEAK,0,5
https://jobrecruitment.in/staff-nurse-job-in-gujarat.html,staff-nurse-job-in-gujarat,WEAK,0,5
https://jobrecruitment.in/article.php?role=Financial-Analyst&city=Chennai&country=India,article.php,WEAK,0,4
https://jobrecruitment.in/article.php?role=Graphic-Designer&country=India,article.php,WEAK,0,4
https://jobrecruitment.in/article.php?role=Lab-Technician&city=Guwahati&country=India,article.php,WEAK,0,4
https://jobrecruitment.in/article.php?role=Lab-Technician&city=Ludhiana&country=India,article.php,WEAK,0,4
https://jobrecruitment.in/article.php?role=Lab-Technician&city=Varanasi&country=India,article.php,WEAK,0,4
https://jobrecruitment.in/article.php?role=Lab-Technician&city=Vijayawada&country=India,article.php,WEAK,0,4
https://jobrecruitment.in/article.php?role=Python-Developer&city=Mumbai&country=India,article.php,WEAK,0,4
https://jobrecruitment.in/article.php?role=Quality-Control&city=Vijayawada&country=India,article.php,WEAK,0,4
https://jobrecruitment.in/article.php?role=React-Developer&country=India,article.php,WEAK,0,4
https://jobrecruitment.in/bfsi-recruitment-agency-in-faridabad.html,bfsi-recruitment-agency-in-faridabad,WEAK,0,4
https://jobrecruitment.in/cashier-job-in-madurai.html,cashier-job-in-madurai,WEAK,0,4
https://jobrecruitment.in/cloud-devops-engineer-job-in-nashik.html,cloud-devops-engineer-job-in-nashik,WEAK,0,4
https://jobrecruitment.in/content-writer-job-in-guwahati.html,content-writer-job-in-guwahati,WEAK,0,4
https://jobrecruitment.in/content-writer-job-in-ludhiana.html,content-writer-job-in-ludhiana,WEAK,0,4
https://jobrecruitment.in/content-writer-job-in-pimpri-chinchwad.html,content-writer-job-in-pimpri-chinchwad,WEAK,0,4
https://jobrecruitment.in/data-analyst-job-in-india.html,data-analyst-job-in-india,WEAK,0,4
https://jobrecruitment.in/data-analyst-job-in-navi-mumbai.html,data-analyst-job-in-navi-mumbai,WEAK,0,4
https://jobrecruitment.in/delivery-partner-job-in-nagpur.html,delivery-partner-job-in-nagpur,WEAK,0,4
https://jobrecruitment.in/digital-marketing-job-in-ranchi.html,digital-marketing-job-in-ranchi,WEAK,0,4
https://jobrecruitment.in/education-recruitment-agency-in-nashik.html,education-recruitment-agency-in-nashik,WEAK,0,4
https://jobrecruitment.in/electrical-engineer-job-in-andhra-pradesh.html,electrical-engineer-job-in-andhra-pradesh,WEAK,1,4
https://jobrecruitment.in/graphic-designer-job-in-vijayawada.html,graphic-designer-job-in-vijayawada,WEAK,0,4
https://jobrecruitment.in/human-resource-consulting,human-resource-consulting,WEAK,0,4
https://jobrecruitment.in/ios-developer-job-in-vijayawada.html,ios-developer-job-in-vijayawada,WEAK,0,4
https://jobrecruitment.in/it-recruitment-agency-in-madurai.html,it-recruitment-agency-in-madurai,WEAK,0,4
https://jobrecruitment.in/it-recruitment-agency-in-vadodara.html,it-recruitment-agency-in-vadodara,WEAK,1,4
https://jobrecruitment.in/job-consultancy-template.php?city=Jabalpur&industry=IT,job-consultancy-template.php,WEAK,1,4
https://jobrecruitment.in/job-consultancy-template.php?city=Ahmedabad&industry=Logistics,job-consultancy-template.php,WEAK,0,4
https://jobrecruitment.in/job-consultancy-template.php?city=Bangalore&industry=Retail,job-consultancy-template.php,WEAK,0,4
https://jobrecruitment.in/job-consultancy-template.php?city=Hyderabad&industry=BFSI,job-consultancy-template.php,WEAK,0,4
https://jobrecruitment.in/job-consultancy-template.php?city=Hyderabad&industry=Manufacturing,job-consultancy-template.php,WEAK,0,4
https://jobrecruitment.in/job-consultancy-template.php?city=Indore&industry=Manufacturing,job-consultancy-template.php,WEAK,0,4
https://jobrecruitment.in/job-consultancy-template.php?city=Lucknow&industry=Logistics,job-consultancy-template.php,WEAK,0,4
https://jobrecruitment.in/job-consultancy-template.php?city=Pimpri-Chinchwad&industry=FMCG,job-consultancy-template.php,WEAK,0,4
https://jobrecruitment.in/job.php?role=Bank-Clerk&city=Vijayawada&country=India,job.php,WEAK,0,4
https://jobrecruitment.in/job.php?role=Cashier&city=Bhopal&country=India,job.php,WEAK,0,4
https://jobrecruitment.in/job.php?role=Civil-Engineer&city=Bhopal&country=India,job.php,WEAK,0,4
https://jobrecruitment.in/job.php?role=Civil-Engineer&city=Visakhapatnam&country=India,job.php,WEAK,0,4
https://jobrecruitment.in/job.php?role=Content-Writer&state=Madhya-Pradesh&country=India,job.php,WEAK,0,4
https://jobrecruitment.in/job.php?role=Electrical-Engineer&city=Gwalior&country=India,job.php,WEAK,0,4
https://jobrecruitment.in/job.php?role=Electrical-Engineer&city=Mumbai&country=India,job.php,WEAK,0,4
https://jobrecruitment.in/job.php?role=Java-Developer&city=Nashik&country=India,job.php,WEAK,0,4
https://jobrecruitment.in/job.php?role=Lab-Technician&city=Patna&country=India,job.php,WEAK,0,4
https://jobrecruitment.in/job.php?role=Lab-Technician&city=Vadodara&country=India,job.php,WEAK,0,4
https://jobrecruitment.in/job.php?role=PHP-Developer&city=Ranchi&country=India,job.php,WEAK,0,4
https://jobrecruitment.in/job.php?role=QA-Tester&city=Jodhpur&country=India,job.php,WEAK,0,4
https://jobrecruitment.in/job.php?role=Retail-Store-Manager&city=Nashik&country=India,job.php,WEAK,0,4
https://jobrecruitment.in/job.php?role=SEO-Executive&city=Guwahati&country=India,job.php,WEAK,0,4
https://jobrecruitment.in/job.php?role=Safety-Officer&city=Gwalior&country=India,job.php,WEAK,0,4
https://jobrecruitment.in/job.php?role=Software-Developer&city=Jabalpur&country=India,job.php,WEAK,0,4
https://jobrecruitment.in/job.php?role=Supply-Chain-Analyst&city=Chennai&country=India,job.php,WEAK,0,4
https://jobrecruitment.in/job.php?role=UI-UX-Designer&city=Madurai&country=India,job.php,WEAK,0,4
https://jobrecruitment.in/job.php?role=UI-UX-Designer&city=Ranchi&country=India,job.php,WEAK,0,4
https://jobrecruitment.in/jobs-in-chandkheda-ahmedabad.html,jobs-in-chandkheda-ahmedabad,WEAK,0,4
https://jobrecruitment.in/jobs-in-commerce-six-roads-ahmedabad.html,jobs-in-commerce-six-roads-ahmedabad,WEAK,0,4
https://jobrecruitment.in/jobs-in-ellisbridge-ahmedabad.html,jobs-in-ellisbridge-ahmedabad,WEAK,0,4
https://jobrecruitment.in/jobs-in-sabarmati-ahmedabad.html,jobs-in-sabarmati-ahmedabad,WEAK,0,4
https://jobrecruitment.in/lab-technician-job-in-amritsar.html,lab-technician-job-in-amritsar,WEAK,0,4
https://jobrecruitment.in/lab-technician-job-in-guwahati.html,lab-technician-job-in-guwahati,WEAK,0,4
https://jobrecruitment.in/lab-technician-job-in-vadodara.html,lab-technician-job-in-vadodara,WEAK,0,4
https://jobrecruitment.in/logistics-coordinator-job-in-chennai.html,logistics-coordinator-job-in-chennai,WEAK,0,4
https://jobrecruitment.in/logistics-recruitment-agency-in-kolkata.html,logistics-recruitment-agency-in-kolkata,WEAK,0,4
https://jobrecruitment.in/manufacturing-recruitment-agency-in-bangalore.html,manufacturing-recruitment-agency-in-bangalore,WEAK,0,4
https://jobrecruitment.in/manufacturing-recruitment-agency-in-indore.html,manufacturing-recruitment-agency-in-indore,WEAK,0,4
https://jobrecruitment.in/mechanical-engineer-job-in-dhanbad.html,mechanical-engineer-job-in-dhanbad,WEAK,0,4
https://jobrecruitment.in/mechanical-engineer-job-in-ludhiana.html,mechanical-engineer-job-in-ludhiana,WEAK,0,4
https://jobrecruitment.in/mechanical-engineer-job-in-madhya-pradesh.html,mechanical-engineer-job-in-madhya-pradesh,WEAK,0,4
https://jobrecruitment.in/mechanical-engineer-job-in-madurai.html,mechanical-engineer-job-in-madurai,WEAK,0,4
https://jobrecruitment.in/mechanical-engineer-job-in-vijayawada.html,mechanical-engineer-job-in-vijayawada,WEAK,1,4
https://jobrecruitment.in/pharmacist-job-in-ghaziabad.html,pharmacist-job-in-ghaziabad,WEAK,0,4
https://jobrecruitment.in/python-developer-job-in-mumbai.html,python-developer-job-in-mumbai,WEAK,0,4
https://jobrecruitment.in/react-developer-job-in-ludhiana.html,react-developer-job-in-ludhiana,WEAK,0,4
https://jobrecruitment.in/real-estate-recruitment-agency-in-ahmedabad.html,real-estate-recruitment-agency-in-ahmedabad,WEAK,0,4
https://jobrecruitment.in/real-estate-recruitment-agency-in-hyderabad.html,real-estate-recruitment-agency-in-hyderabad,WEAK,0,4
https://jobrecruitment.in/retail-recruitment-agency-in-vijayawada.html,retail-recruitment-agency-in-vijayawada,WEAK,0,4
https://jobrecruitment.in/seo-executive-job-in-ludhiana.html,seo-executive-job-in-ludhiana,WEAK,0,4
https://jobrecruitment.in/talent-acquisition-job-in-ludhiana.html,talent-acquisition-job-in-ludhiana,WEAK,0,4
https://jobrecruitment.in/ui-ux-designer-job-in-agra.html,ui-ux-designer-job-in-agra,WEAK,0,4
https://jobrecruitment.in/warehouse-manager-job-in-vijayawada.html,warehouse-manager-job-in-vijayawada,WEAK,0,4
https://jobrecruitment.in/admin-executive-job-in-madurai.html,admin-executive-job-in-madurai,WEAK,0,3
https://jobrecruitment.in/article.php?role=Civil-Engineer&city=Amritsar&country=India,article.php,WEAK,0,3
https://jobrecruitment.in/article.php?role=Data-Analyst&city=Ludhiana&country=India,article.php,WEAK,0,3
https://jobrecruitment.in/article.php?role=Data-Analyst&city=Rajkot&country=India,article.php,WEAK,0,3
https://jobrecruitment.in/article.php?role=Data-Analyst&city=Vijayawada&country=India,article.php,WEAK,0,3
https://jobrecruitment.in/article.php?role=Data-Analyst&state=West-Bengal&country=India,article.php,WEAK,0,3
https://jobrecruitment.in/article.php?role=Financial-Analyst&city=Bengaluru&country=India,article.php,WEAK,0,3
https://jobrecruitment.in/article.php?role=Financial-Analyst&state=Delhi&country=India,article.php,WEAK,0,3
https://jobrecruitment.in/article.php?role=HR-Manager&country=India,article.php,WEAK,0,3
https://jobrecruitment.in/article.php?role=Lab-Technician&city=Bhopal&country=India,article.php,WEAK,0,3
https://jobrecruitment.in/article.php?role=Logistics-Coordinator&country=India,article.php,WEAK,0,3
https://jobrecruitment.in/article.php?role=Python-Developer&city=Chennai&country=India,article.php,WEAK,0,3
https://jobrecruitment.in/article.php?role=QA-Tester&country=India,article.php,WEAK,0,3
https://jobrecruitment.in/article.php?role=React-Developer&city=Visakhapatnam&country=India,article.php,WEAK,0,3
https://jobrecruitment.in/article.php?role=UI-UX-Designer&city=Vasai-Virar&country=India,article.php,WEAK,0,3
https://jobrecruitment.in/article.php?role=UI-UX-Designer&country=India,article.php,WEAK,0,3
https://jobrecruitment.in/bank-clerk-job-in-amritsar.html,bank-clerk-job-in-amritsar,WEAK,0,3
https://jobrecruitment.in/bpo-telecaller-job-in-gujarat.html,bpo-telecaller-job-in-gujarat,WEAK,0,3
https://jobrecruitment.in/business-development-executive-job-in-aurangabad.html,business-development-executive-job-in-aurangabad,WEAK,0,3
https://jobrecruitment.in/candidate-search,candidate-search,WEAK,0,3
https://jobrecruitment.in/cashier-job-in-delhi.html,cashier-job-in-delhi,WEAK,0,3
https://jobrecruitment.in/civil-engineer-job-in-nagpur.html,civil-engineer-job-in-nagpur,WEAK,0,3
https://jobrecruitment.in/cloud-devops-engineer-job-in-bihar.html,cloud-devops-engineer-job-in-bihar,WEAK,0,3
https://jobrecruitment.in/content-writer-job-in-nagpur.html,content-writer-job-in-nagpur,WEAK,0,3
https://jobrecruitment.in/customer-support-executive-job-in-agra.html,customer-support-executive-job-in-agra,WEAK,0,3
https://jobrecruitment.in/cybersecurity-analyst-job-in-gurugram.html,cybersecurity-analyst-job-in-gurugram,WEAK,0,3
https://jobrecruitment.in/cybersecurity-analyst-job-in-vadodara.html,cybersecurity-analyst-job-in-vadodara,WEAK,0,3
https://jobrecruitment.in/data-analyst-job-in-bengaluru.html,data-analyst-job-in-bengaluru,WEAK,0,3
https://jobrecruitment.in/data-analyst-job-in-bhopal.html,data-analyst-job-in-bhopal,WEAK,0,3
https://jobrecruitment.in/data-analyst-job-in-gujarat.html,data-analyst-job-in-gujarat,WEAK,0,3
https://jobrecruitment.in/data-analyst-job-in-hyderabad.html,data-analyst-job-in-hyderabad,WEAK,0,3
https://jobrecruitment.in/data-analyst-job-in-ludhiana.html,data-analyst-job-in-ludhiana,WEAK,0,3
https://jobrecruitment.in/data-analyst-job-in-rajkot.html,data-analyst-job-in-rajkot,WEAK,0,3
https://jobrecruitment.in/delivery-partner-job-in-guwahati.html,delivery-partner-job-in-guwahati,WEAK,1,3
https://jobrecruitment.in/digital-marketing-job-in-vijayawada.html,digital-marketing-job-in-vijayawada,WEAK,0,3
https://jobrecruitment.in/education-recruitment-agency-in-solapur.html,education-recruitment-agency-in-solapur,WEAK,0,3
https://jobrecruitment.in/electrical-engineer-job-in-kanpur.html,electrical-engineer-job-in-kanpur,WEAK,0,3
https://jobrecruitment.in/fmcg-recruitment-agency-in-bangalore.html,fmcg-recruitment-agency-in-bangalore,WEAK,0,3
https://jobrecruitment.in/fmcg-recruitment-agency-in-gwalior.html,fmcg-recruitment-agency-in-gwalior,WEAK,0,3
https://jobrecruitment.in/fmcg-recruitment-agency-in-jaipur.html,fmcg-recruitment-agency-in-jaipur,WEAK,0,3
https://jobrecruitment.in/graphic-designer-job-in-vasai-virar.html,graphic-designer-job-in-vasai-virar,WEAK,0,3
https://jobrecruitment.in/healthcare-recruitment-agency-in-kolkata.html,healthcare-recruitment-agency-in-kolkata,WEAK,0,3
https://jobrecruitment.in/healthcare-recruitment-agency-in-surat.html,healthcare-recruitment-agency-in-surat,WEAK,0,3
https://jobrecruitment.in/inventory-control-job-in-telangana.html,inventory-control-job-in-telangana,WEAK,0,3
https://jobrecruitment.in/inventory-control-job-in-thane.html,inventory-control-job-in-thane,WEAK,0,3
https://jobrecruitment.in/it-recruitment-agency-in-bangalore.html,it-recruitment-agency-in-bangalore,WEAK,0,3
https://jobrecruitment.in/it-recruitment-agency-in-srinagar.html,it-recruitment-agency-in-srinagar,WEAK,0,3
https://jobrecruitment.in/it-recruitment-agency-in-vijayawada.html,it-recruitment-agency-in-vijayawada,WEAK,0,3
https://jobrecruitment.in/java-developer-job-in-gwalior.html,java-developer-job-in-gwalior,WEAK,0,3
https://jobrecruitment.in/java-developer-job-in-lucknow.html,java-developer-job-in-lucknow,WEAK,0,3
https://jobrecruitment.in/java-developer-job-in-ludhiana.html,java-developer-job-in-ludhiana,WEAK,0,3
https://jobrecruitment.in/job-consultancy-template.php?city=Jodhpur&industry=Retail,job-consultancy-template.php,WEAK,1,3
https://jobrecruitment.in/job-consultancy-template.php?city=Ahmedabad&industry=BFSI,job-consultancy-template.php,WEAK,0,3
https://jobrecruitment.in/job-consultancy-template.php?city=Chennai&industry=Retail,job-consultancy-template.php,WEAK,0,3
https://jobrecruitment.in/job-consultancy-template.php?city=Delhi&industry=Logistics,job-consultancy-template.php,WEAK,0,3
https://jobrecruitment.in/job-consultancy-template.php?city=Indore&industry=IT,job-consultancy-template.php,WEAK,0,3
https://jobrecruitment.in/job-consultancy-template.php?city=Jaipur&industry=IT,job-consultancy-template.php,WEAK,0,3
https://jobrecruitment.in/job-consultancy-template.php?city=Jodhpur&industry=IT,job-consultancy-template.php,WEAK,0,3
https://jobrecruitment.in/job-consultancy-template.php?city=Madurai&industry=FMCG,job-consultancy-template.php,WEAK,0,3
https://jobrecruitment.in/job-consultancy-template.php?city=Patna&industry=FMCG,job-consultancy-template.php,WEAK,0,3
https://jobrecruitment.in/job-consultancy-template.php?city=Pimpri-Chinchwad&industry=BFSI,job-consultancy-template.php,WEAK,0,3
https://jobrecruitment.in/job-consultancy-template.php?city=Pune&industry=IT,job-consultancy-template.php,WEAK,0,3
https://jobrecruitment.in/job-consultancy-template.php?city=Pune&industry=Logistics,job-consultancy-template.php,WEAK,0,3
https://jobrecruitment.in/job-consultancy-template.php?city=Vadodara&industry=Education,job-consultancy-template.php,WEAK,0,3
https://jobrecruitment.in/job-consultancy-template.php?city=Visakhapatnam&industry=Healthcare,job-consultancy-template.php,WEAK,0,3
https://jobrecruitment.in/job.php?role=Admin-Executive&city=Ludhiana&country=India,job.php,WEAK,0,3
https://jobrecruitment.in/job.php?role=Android-Developer&city=Vasai-Virar&country=India,job.php,WEAK,0,3
https://jobrecruitment.in/job.php?role=Bank-Clerk&city=Visakhapatnam&country=India,job.php,WEAK,0,3
https://jobrecruitment.in/job.php?role=Cashier&city=Guwahati&country=India,job.php,WEAK,0,3
https://jobrecruitment.in/job.php?role=Cashier&city=Mumbai&country=India,job.php,WEAK,0,3
https://jobrecruitment.in/job.php?role=Cashier&city=Varanasi&country=India,job.php,WEAK,0,3
https://jobrecruitment.in/job.php?role=Cloud-DevOps-Engineer&city=Rajkot&country=India,job.php,WEAK,0,3
https://jobrecruitment.in/job.php?role=Customer-Support-Executive&city=Srinagar&country=India,job.php,WEAK,0,3
https://jobrecruitment.in/job.php?role=Data-Analyst&city=Raipur&country=India,job.php,WEAK,0,3
https://jobrecruitment.in/job.php?role=Financial-Analyst&city=Visakhapatnam&country=India,job.php,WEAK,0,3
https://jobrecruitment.in/job.php?role=Graphic-Designer&city=Kalyan-Dombivli&country=India,job.php,WEAK,0,3
https://jobrecruitment.in/job.php?role=Graphic-Designer&city=Kota&country=India,job.php,WEAK,0,3
https://jobrecruitment.in/job.php?role=Java-Developer&city=Mumbai&country=India,job.php,WEAK,0,3
https://jobrecruitment.in/job.php?role=Java-Developer&city=Pune&country=India,job.php,WEAK,0,3
https://jobrecruitment.in/job.php?role=Lab-Technician&city=Raipur&country=India,job.php,WEAK,0,3
https://jobrecruitment.in/job.php?role=Logistics-Coordinator&city=Aurangabad&country=India,job.php,WEAK,0,3
https://jobrecruitment.in/job.php?role=Logistics-Coordinator&city=Varanasi&country=India,job.php,WEAK,0,3
https://jobrecruitment.in/job.php?role=Logistics-Coordinator&city=Vijayawada&country=India,job.php,WEAK,0,3
https://jobrecruitment.in/job.php?role=Mechanical-Engineer&city=Gwalior&country=India,job.php,WEAK,0,3
https://jobrecruitment.in/job.php?role=Pharmacist&city=Pune&country=India,job.php,WEAK,0,3
https://jobrecruitment.in/job.php?role=Pharmacist&city=Srinagar&country=India,job.php,WEAK,0,3
https://jobrecruitment.in/job.php?role=Python-Developer&city=Visakhapatnam&country=India,job.php,WEAK,0,3
https://jobrecruitment.in/job.php?role=QA-Tester&city=Ahmedabad&country=India,job.php,WEAK,0,3
https://jobrecruitment.in/job.php?role=QA-Tester&city=Patna&country=India,job.php,WEAK,0,3
https://jobrecruitment.in/job.php?role=React-Developer&city=Ahmedabad&country=India,job.php,WEAK,0,3
https://jobrecruitment.in/job.php?role=React-Developer&city=Mumbai&country=India,job.php,WEAK,0,3
https://jobrecruitment.in/job.php?role=Retail-Store-Manager&city=Indore&country=India,job.php,WEAK,0,3
https://jobrecruitment.in/job.php?role=Retail-Store-Manager&city=Jabalpur&country=India,job.php,WEAK,0,3
https://jobrecruitment.in/job.php?role=Safety-Officer&city=Bhopal&country=India,job.php,WEAK,0,3
https://jobrecruitment.in/job.php?role=Safety-Officer&city=Dhanbad&country=India,job.php,WEAK,0,3
https://jobrecruitment.in/job.php?role=Safety-Officer&city=Visakhapatnam&country=India,job.php,WEAK,0,3
https://jobrecruitment.in/job.php?role=Staff-Nurse&city=Srinagar&country=India,job.php,WEAK,0,3
https://jobrecruitment.in/job.php?role=Supply-Chain-Analyst&city=Pune&country=India,job.php,WEAK,0,3
https://jobrecruitment.in/job.php?role=Talent-Acquisition&city=Amritsar&country=India,job.php,WEAK,0,3
https://jobrecruitment.in/job.php?role=Talent-Acquisition&city=Bhopal&country=India,job.php,WEAK,0,3
https://jobrecruitment.in/job.php?role=Talent-Acquisition&city=Gwalior&country=India,job.php,WEAK,0,3
https://jobrecruitment.in/job.php?role=UI-UX-Designer&state=Uttar-Pradesh&country=India,job.php,WEAK,0,3
https://jobrecruitment.in/job/purchase-executive-sola-ahmedabad-ba88f6,job/purchase-executive-sola-ahmedabad-ba88f6,WEAK,0,3
https://jobrecruitment.in/jobs-in-nikol-ahmedabad.html,jobs-in-nikol-ahmedabad,WEAK,0,3
https://jobrecruitment.in/jobs-in-sg-highway-ahmedabad.html,jobs-in-sg-highway-ahmedabad,WEAK,0,3
https://jobrecruitment.in/jobs-in-vastrapur-ahmedabad.html,jobs-in-vastrapur-ahmedabad,WEAK,0,3
https://jobrecruitment.in/lab-technician-job-in-raipur.html,lab-technician-job-in-raipur,WEAK,0,3
https://jobrecruitment.in/lab-technician-job-in-surat.html,lab-technician-job-in-surat,WEAK,0,3
https://jobrecruitment.in/logistics-coordinator-job-in-andhra-pradesh.html,logistics-coordinator-job-in-andhra-pradesh,WEAK,0,3
https://jobrecruitment.in/logistics-recruitment-agency-in-jabalpur.html,logistics-recruitment-agency-in-jabalpur,WEAK,0,3
https://jobrecruitment.in/logistics-recruitment-agency-in-raipur.html,logistics-recruitment-agency-in-raipur,WEAK,1,3
https://jobrecruitment.in/manufacturing-recruitment-agency-in-delhi.html,manufacturing-recruitment-agency-in-delhi,WEAK,0,3
https://jobrecruitment.in/manufacturing-recruitment-agency-in-hyderabad.html,manufacturing-recruitment-agency-in-hyderabad,WEAK,0,3
https://jobrecruitment.in/manufacturing-recruitment-agency-in-lucknow.html,manufacturing-recruitment-agency-in-lucknow,WEAK,1,3
https://jobrecruitment.in/mechanical-engineer-job-in-bhopal.html,mechanical-engineer-job-in-bhopal,WEAK,0,3
https://jobrecruitment.in/mechanical-engineer-job-in-punjab.html,mechanical-engineer-job-in-punjab,WEAK,0,3
https://jobrecruitment.in/mechanical-engineer-job-in-raipur.html,mechanical-engineer-job-in-raipur,WEAK,0,3
https://jobrecruitment.in/medical-representative-job-in-hyderabad.html,medical-representative-job-in-hyderabad,WEAK,0,3
https://jobrecruitment.in/nodejs-developer-job-in-patna.html,nodejs-developer-job-in-patna,WEAK,0,3
https://jobrecruitment.in/pharmacist-job-in-bihar.html,pharmacist-job-in-bihar,WEAK,0,3
https://jobrecruitment.in/pharmacist-job-in-kerala.html,pharmacist-job-in-kerala,WEAK,0,3
https://jobrecruitment.in/pharmacist-job-in-noida.html,pharmacist-job-in-noida,WEAK,0,3
https://jobrecruitment.in/quality-control-job-in-surat.html,quality-control-job-in-surat,WEAK,0,3
https://jobrecruitment.in/react-developer-job-in-dhanbad.html,react-developer-job-in-dhanbad,WEAK,0,3
https://jobrecruitment.in/react-developer-job-in-hyderabad.html,react-developer-job-in-hyderabad,WEAK,0,3
https://jobrecruitment.in/react-developer-job-in-nashik.html,react-developer-job-in-nashik,WEAK,0,3
https://jobrecruitment.in/recruitment-agencies.html,recruitment-agencies,WEAK,0,3
https://jobrecruitment.in/retail-store-manager-job-in-nagpur.html,retail-store-manager-job-in-nagpur,WEAK,0,3
https://jobrecruitment.in/safety-officer-job-in-bihar.html,safety-officer-job-in-bihar,WEAK,1,3
https://jobrecruitment.in/safety-officer-job-in-jabalpur.html,safety-officer-job-in-jabalpur,WEAK,0,3
https://jobrecruitment.in/safety-officer-job-in-lucknow.html,safety-officer-job-in-lucknow,WEAK,0,3
https://jobrecruitment.in/safety-officer-job-in-maharashtra.html,safety-officer-job-in-maharashtra,WEAK,0,3
https://jobrecruitment.in/safety-officer-job-in-uttar-pradesh.html,safety-officer-job-in-uttar-pradesh,WEAK,1,3
https://jobrecruitment.in/seo-executive-job-in-india.html,seo-executive-job-in-india,WEAK,0,3
https://jobrecruitment.in/seo-executive-job-in-maharashtra.html,seo-executive-job-in-maharashtra,WEAK,0,3
https://jobrecruitment.in/seo-executive-job-in-vijayawada.html,seo-executive-job-in-vijayawada,WEAK,0,3
https://jobrecruitment.in/staff-nurse-job-in-bhopal.html,staff-nurse-job-in-bhopal,WEAK,0,3
https://jobrecruitment.in/staff-nurse-job-in-guwahati.html,staff-nurse-job-in-guwahati,WEAK,0,3
https://jobrecruitment.in/staff-nurse-job-in-patna.html,staff-nurse-job-in-patna,WEAK,0,3
https://jobrecruitment.in/staff-nurse-job-in-srinagar.html,staff-nurse-job-in-srinagar,WEAK,1,3
https://jobrecruitment.in/staff-nurse-job-in-vijayawada.html,staff-nurse-job-in-vijayawada,WEAK,0,3
https://jobrecruitment.in/staff-nurse-job-in-visakhapatnam.html,staff-nurse-job-in-visakhapatnam,WEAK,0,3
https://jobrecruitment.in/supply-chain-analyst-job-in-indore.html,supply-chain-analyst-job-in-indore,WEAK,0,3
https://jobrecruitment.in/supply-chain-analyst-job-in-kerala.html,supply-chain-analyst-job-in-kerala,WEAK,0,3
https://jobrecruitment.in/upload-your-resume/,upload-your-resume,WEAK,0,3
https://jobrecruitment.in/accountant-job-in-bhopal.html,accountant-job-in-bhopal,WEAK,0,2
https://jobrecruitment.in/accountant-job-in-delhi.html,accountant-job-in-delhi,WEAK,1,2
https://jobrecruitment.in/accountant-job-in-haryana.html,accountant-job-in-haryana,WEAK,0,2
https://jobrecruitment.in/accountant-job-in-kerala.html,accountant-job-in-kerala,WEAK,0,2
https://jobrecruitment.in/accountant-job-in-madurai.html,accountant-job-in-madurai,WEAK,0,2
https://jobrecruitment.in/accountant-job-in-visakhapatnam.html,accountant-job-in-visakhapatnam,WEAK,0,2
https://jobrecruitment.in/admin-executive-job-in-andhra-pradesh.html,admin-executive-job-in-andhra-pradesh,WEAK,0,2
https://jobrecruitment.in/admin-executive-job-in-haryana.html,admin-executive-job-in-haryana,WEAK,0,2
https://jobrecruitment.in/ai-researcher-job-in-ludhiana.html,ai-researcher-job-in-ludhiana,WEAK,0,2
https://jobrecruitment.in/android-developer-job-in-nagpur.html,android-developer-job-in-nagpur,WEAK,0,2
https://jobrecruitment.in/are-you-looking-for-steady-work-here-are-some-tips/,are-you-looking-for-steady-work-here-are-some-tips,WEAK,0,2
https://jobrecruitment.in/article.php?role=Accountant&city=Hyderabad&country=India,article.php,WEAK,1,2
https://jobrecruitment.in/article.php?role=NodeJS-Developer&city=Patna&country=India,article.php,WEAK,1,2
https://jobrecruitment.in/article.php?role=Accountant&city=Delhi&country=India,article.php,WEAK,0,2
https://jobrecruitment.in/article.php?role=Accountant&city=Rajkot&country=India,article.php,WEAK,0,2
https://jobrecruitment.in/article.php?role=Android-Developer&city=Navi-Mumbai&country=India,article.php,WEAK,0,2
https://jobrecruitment.in/article.php?role=BPO-Telecaller&city=Ahmedabad&country=India,article.php,WEAK,0,2
https://jobrecruitment.in/article.php?role=BPO-Telecaller&country=India,article.php,WEAK,0,2
https://jobrecruitment.in/article.php?role=Business-Development-Executive&state=Maharashtra&country=India,article.php,WEAK,0,2
https://jobrecruitment.in/article.php?role=Cashier&city=Madurai&country=India,article.php,WEAK,0,2
https://jobrecruitment.in/article.php?role=Cashier&city=Noida&country=India,article.php,WEAK,0,2
https://jobrecruitment.in/article.php?role=Cloud-DevOps-Engineer&city=Amritsar&country=India,article.php,WEAK,0,2
https://jobrecruitment.in/article.php?role=Data-Analyst&city=Bhopal&country=India,article.php,WEAK,0,2
https://jobrecruitment.in/article.php?role=Data-Analyst&city=Mumbai&country=India,article.php,WEAK,0,2
https://jobrecruitment.in/article.php?role=Data-Analyst&city=Varanasi&country=India,article.php,WEAK,0,2
https://jobrecruitment.in/article.php?role=Data-Analyst&country=India,article.php,WEAK,0,2
https://jobrecruitment.in/article.php?role=Delivery-Partner&city=Ahmedabad&country=India,article.php,WEAK,0,2
https://jobrecruitment.in/article.php?role=Digital-Marketing&country=India,article.php,WEAK,0,2
https://jobrecruitment.in/article.php?role=Graphic-Designer&city=Delhi&country=India,article.php,WEAK,0,2
https://jobrecruitment.in/article.php?role=Graphic-Designer&state=Karnataka&country=India,article.php,WEAK,0,2
https://jobrecruitment.in/article.php?role=Java-Developer&city=Nashik&country=India,article.php,WEAK,0,2
https://jobrecruitment.in/article.php?role=Java-Developer&city=Vijayawada&country=India,article.php,WEAK,0,2
https://jobrecruitment.in/article.php?role=Lab-Technician&city=Indore&country=India,article.php,WEAK,0,2
https://jobrecruitment.in/article.php?role=Lab-Technician&city=Visakhapatnam&country=India,article.php,WEAK,0,2
https://jobrecruitment.in/article.php?role=Mechanical-Engineer&city=Madurai&country=India,article.php,WEAK,0,2
https://jobrecruitment.in/article.php?role=Medical-Representative&city=Hyderabad&country=India,article.php,WEAK,0,2
https://jobrecruitment.in/article.php?role=Medical-Representative&country=India,article.php,WEAK,0,2
https://jobrecruitment.in/article.php?role=NodeJS-Developer&city=Amritsar&country=India,article.php,WEAK,0,2
https://jobrecruitment.in/article.php?role=NodeJS-Developer&city=Indore&country=India,article.php,WEAK,0,2
https://jobrecruitment.in/article.php?role=Operations-Manager&city=Vijayawada&country=India,article.php,WEAK,0,2
https://jobrecruitment.in/article.php?role=Pharmacist&city=Aurangabad&country=India,article.php,WEAK,0,2
https://jobrecruitment.in/article.php?role=Pharmacist&city=Guwahati&country=India,article.php,WEAK,0,2
https://jobrecruitment.in/article.php?role=Pharmacist&city=Ludhiana&country=India,article.php,WEAK,0,2
https://jobrecruitment.in/article.php?role=Pharmacist&state=Gujarat&country=India,article.php,WEAK,0,2
https://jobrecruitment.in/article.php?role=Python-Developer&city=Aurangabad&country=India,article.php,WEAK,0,2
https://jobrecruitment.in/article.php?role=Python-Developer&city=Chandigarh&country=India,article.php,WEAK,0,2
https://jobrecruitment.in/article.php?role=Python-Developer&city=Kolkata&country=India,article.php,WEAK,0,2
https://jobrecruitment.in/article.php?role=Python-Developer&city=Pune&country=India,article.php,WEAK,0,2
https://jobrecruitment.in/article.php?role=Quality-Control&state=Bihar&country=India,article.php,WEAK,0,2
https://jobrecruitment.in/article.php?role=SEO-Executive&city=Jodhpur&country=India,article.php,WEAK,0,2
https://jobrecruitment.in/article.php?role=SEO-Executive&state=West-Bengal&country=India,article.php,WEAK,0,2
https://jobrecruitment.in/article.php?role=Safety-Officer&city=Aurangabad&country=India,article.php,WEAK,0,2
https://jobrecruitment.in/article.php?role=Safety-Officer&city=Ludhiana&country=India,article.php,WEAK,0,2
https://jobrecruitment.in/article.php?role=Safety-Officer&city=Ranchi&country=India,article.php,WEAK,0,2
https://jobrecruitment.in/article.php?role=Safety-Officer&city=Varanasi&country=India,article.php,WEAK,0,2
https://jobrecruitment.in/article.php?role=Sales-Manager&city=Bengaluru&country=India,article.php,WEAK,0,2
https://jobrecruitment.in/article.php?role=Sales-Manager&country=India,article.php,WEAK,0,2
https://jobrecruitment.in/article.php?role=Talent-Acquisition&city=Ahmedabad&country=India,article.php,WEAK,0,2
https://jobrecruitment.in/article.php?role=UI-UX-Designer&city=Chandigarh&country=India,article.php,WEAK,0,2
https://jobrecruitment.in/bank-clerk-job-in-coimbatore.html,bank-clerk-job-in-coimbatore,WEAK,0,2
https://jobrecruitment.in/bank-clerk-job-in-nashik.html,bank-clerk-job-in-nashik,WEAK,1,2
https://jobrecruitment.in/bank-clerk-job-in-srinagar.html,bank-clerk-job-in-srinagar,WEAK,0,2
https://jobrecruitment.in/bank-clerk-job-in-west-bengal.html,bank-clerk-job-in-west-bengal,WEAK,0,2
https://jobrecruitment.in/bfsi-recruitment-agency-in-bhopal.html,bfsi-recruitment-agency-in-bhopal,WEAK,0,2
https://jobrecruitment.in/bfsi-recruitment-agency-in-dhanbad.html,bfsi-recruitment-agency-in-dhanbad,WEAK,1,2
https://jobrecruitment.in/bfsi-recruitment-agency-in-madurai.html,bfsi-recruitment-agency-in-madurai,WEAK,0,2
https://jobrecruitment.in/bfsi-recruitment-agency-in-meerut.html,bfsi-recruitment-agency-in-meerut,WEAK,0,2
https://jobrecruitment.in/cashier-job-in-agra.html,cashier-job-in-agra,WEAK,0,2
https://jobrecruitment.in/cashier-job-in-jodhpur.html,cashier-job-in-jodhpur,WEAK,0,2
https://jobrecruitment.in/civil-engineer-job-in-allahabad.html,civil-engineer-job-in-allahabad,WEAK,0,2
https://jobrecruitment.in/civil-engineer-job-in-amritsar.html,civil-engineer-job-in-amritsar,WEAK,0,2
https://jobrecruitment.in/civil-engineer-job-in-bhopal.html,civil-engineer-job-in-bhopal,WEAK,0,2
https://jobrecruitment.in/civil-engineer-job-in-uttar-pradesh.html,civil-engineer-job-in-uttar-pradesh,WEAK,0,2
https://jobrecruitment.in/civil-engineer-job-in-vijayawada.html,civil-engineer-job-in-vijayawada,WEAK,0,2
https://jobrecruitment.in/cloud-devops-engineer-job-in-jaipur.html,cloud-devops-engineer-job-in-jaipur,WEAK,0,2
https://jobrecruitment.in/content-writer-job-in-allahabad.html,content-writer-job-in-allahabad,WEAK,0,2
https://jobrecruitment.in/content-writer-job-in-aurangabad.html,content-writer-job-in-aurangabad,WEAK,0,2
https://jobrecruitment.in/content-writer-job-in-bihar.html,content-writer-job-in-bihar,WEAK,0,2
https://jobrecruitment.in/content-writer-job-in-lucknow.html,content-writer-job-in-lucknow,WEAK,0,2
https://jobrecruitment.in/customer-support-executive-job-in-uttar-pradesh.html,customer-support-executive-job-in-uttar-pradesh,WEAK,0,2
https://jobrecruitment.in/cybersecurity-analyst-job-in-gwalior.html,cybersecurity-analyst-job-in-gwalior,WEAK,0,2
https://jobrecruitment.in/cybersecurity-analyst-job-in-hyderabad.html,cybersecurity-analyst-job-in-hyderabad,WEAK,0,2
https://jobrecruitment.in/cybersecurity-analyst-job-in-madurai.html,cybersecurity-analyst-job-in-madurai,WEAK,0,2
https://jobrecruitment.in/cybersecurity-analyst-job-in-maharashtra.html,cybersecurity-analyst-job-in-maharashtra,WEAK,0,2
https://jobrecruitment.in/cybersecurity-analyst-job-in-noida.html,cybersecurity-analyst-job-in-noida,WEAK,0,2
https://jobrecruitment.in/cybersecurity-analyst-job-in-rajkot.html,cybersecurity-analyst-job-in-rajkot,WEAK,0,2
https://jobrecruitment.in/cybersecurity-analyst-job-in-thane.html,cybersecurity-analyst-job-in-thane,WEAK,0,2
https://jobrecruitment.in/data-analyst-job-in-guwahati.html,data-analyst-job-in-guwahati,WEAK,0,2
https://jobrecruitment.in/data-analyst-job-in-kalyan-dombivli.html,data-analyst-job-in-kalyan-dombivli,WEAK,0,2
https://jobrecruitment.in/data-analyst-job-in-noida.html,data-analyst-job-in-noida,WEAK,0,2
https://jobrecruitment.in/data-analyst-job-in-rajasthan.html,data-analyst-job-in-rajasthan,WEAK,0,2
https://jobrecruitment.in/data-analyst-job-in-vijayawada.html,data-analyst-job-in-vijayawada,WEAK,0,2
https://jobrecruitment.in/delivery-partner-job-in-indore.html,delivery-partner-job-in-indore,WEAK,0,2
https://jobrecruitment.in/delivery-partner-job-in-maharashtra.html,delivery-partner-job-in-maharashtra,WEAK,0,2
https://jobrecruitment.in/digital-banking-job-in-nashik.html,digital-banking-job-in-nashik,WEAK,0,2
https://jobrecruitment.in/digital-marketing-job-in-coimbatore.html,digital-marketing-job-in-coimbatore,WEAK,0,2
https://jobrecruitment.in/education-recruitment-agency-in-visakhapatnam.html,education-recruitment-agency-in-visakhapatnam,WEAK,0,2
https://jobrecruitment.in/electrical-engineer-job-in-allahabad.html,electrical-engineer-job-in-allahabad,WEAK,0,2
https://jobrecruitment.in/electrical-engineer-job-in-bengaluru.html,electrical-engineer-job-in-bengaluru,WEAK,0,2
https://jobrecruitment.in/electrical-engineer-job-in-delhi.html,electrical-engineer-job-in-delhi,WEAK,0,2
https://jobrecruitment.in/electrical-engineer-job-in-guwahati.html,electrical-engineer-job-in-guwahati,WEAK,0,2
https://jobrecruitment.in/electrical-engineer-job-in-gwalior.html,electrical-engineer-job-in-gwalior,WEAK,0,2
https://jobrecruitment.in/electrical-engineer-job-in-mumbai.html,electrical-engineer-job-in-mumbai,WEAK,1,2
https://jobrecruitment.in/electrical-engineer-job-in-vijayawada.html,electrical-engineer-job-in-vijayawada,WEAK,0,2
https://jobrecruitment.in/engineering-recruitment-agency-in-raipur.html,engineering-recruitment-agency-in-raipur,WEAK,0,2
https://jobrecruitment.in/engineering-recruitment-agency-in-solapur.html,engineering-recruitment-agency-in-solapur,WEAK,0,2
https://jobrecruitment.in/engineering-recruitment-agency-in-surat.html,engineering-recruitment-agency-in-surat,WEAK,0,2
https://jobrecruitment.in/engineering-recruitment-agency-in-vijayawada.html,engineering-recruitment-agency-in-vijayawada,WEAK,0,2
https://jobrecruitment.in/financial-analyst-job-in-indore.html,financial-analyst-job-in-indore,WEAK,0,2
https://jobrecruitment.in/fintech-developer-job-in-india.html,fintech-developer-job-in-india,WEAK,0,2
https://jobrecruitment.in/fmcg-recruitment-agency-in-kota.html,fmcg-recruitment-agency-in-kota,WEAK,0,2
https://jobrecruitment.in/fmcg-recruitment-agency-in-mumbai.html,fmcg-recruitment-agency-in-mumbai,WEAK,1,2
https://jobrecruitment.in/fmcg-recruitment-agency-in-raipur.html,fmcg-recruitment-agency-in-raipur,WEAK,0,2
https://jobrecruitment.in/fmcg-recruitment-agency-in-surat.html,fmcg-recruitment-agency-in-surat,WEAK,0,2
https://jobrecruitment.in/fmcg-recruitment-agency-in-vadodara.html,fmcg-recruitment-agency-in-vadodara,WEAK,0,2
https://jobrecruitment.in/fmcg-recruitment-agency-in-visakhapatnam.html,fmcg-recruitment-agency-in-visakhapatnam,WEAK,0,2
https://jobrecruitment.in/full-stack-engineer-job-in-kanpur.html,full-stack-engineer-job-in-kanpur,WEAK,0,2
https://jobrecruitment.in/healthcare-recruitment-agency-in-kalyan-dombivli.html,healthcare-recruitment-agency-in-kalyan-dombivli,WEAK,1,2
https://jobrecruitment.in/healthcare-recruitment-agency-in-meerut.html,healthcare-recruitment-agency-in-meerut,WEAK,0,2
https://jobrecruitment.in/healthcare-recruitment-agency-in-patna.html,healthcare-recruitment-agency-in-patna,WEAK,0,2
https://jobrecruitment.in/healthcare-recruitment-agency-in-pimpri-chinchwad.html,healthcare-recruitment-agency-in-pimpri-chinchwad,WEAK,0,2
https://jobrecruitment.in/inventory-control-job-in-maharashtra.html,inventory-control-job-in-maharashtra,WEAK,0,2
https://jobrecruitment.in/inventory-control-job-in-meerut.html,inventory-control-job-in-meerut,WEAK,1,2
https://jobrecruitment.in/inventory-control-job-in-patna.html,inventory-control-job-in-patna,WEAK,0,2
https://jobrecruitment.in/ios-developer-job-in-surat.html,ios-developer-job-in-surat,WEAK,0,2
https://jobrecruitment.in/it-recruitment-agency-in-agra.html,it-recruitment-agency-in-agra,WEAK,0,2
https://jobrecruitment.in/it-recruitment-agency-in-aurangabad.html,it-recruitment-agency-in-aurangabad,WEAK,0,2
https://jobrecruitment.in/it-recruitment-agency-in-chandigarh.html,it-recruitment-agency-in-chandigarh,WEAK,0,2
https://jobrecruitment.in/it-recruitment-agency-in-chennai.html,it-recruitment-agency-in-chennai,WEAK,0,2
https://jobrecruitment.in/it-recruitment-agency-in-indore.html,it-recruitment-agency-in-indore,WEAK,0,2
https://jobrecruitment.in/it-recruitment-agency-in-jaipur.html,it-recruitment-agency-in-jaipur,WEAK,0,2
https://jobrecruitment.in/it-recruitment-agency-in-navi-mumbai.html,it-recruitment-agency-in-navi-mumbai,WEAK,0,2
https://jobrecruitment.in/it-recruitment-agency-in-varanasi.html,it-recruitment-agency-in-varanasi,WEAK,0,2
https://jobrecruitment.in/job-consultancy-template.php?city=Varanasi&industry=FMCG,job-consultancy-template.php,WEAK,1,2
https://jobrecruitment.in/job-consultancy-template.php?city=Aurangabad&industry=IT,job-consultancy-template.php,WEAK,0,2
https://jobrecruitment.in/job-consultancy-template.php?city=Chandigarh&industry=BFSI,job-consultancy-template.php,WEAK,0,2
https://jobrecruitment.in/job-consultancy-template.php?city=Chennai&industry=Logistics,job-consultancy-template.php,WEAK,0,2
https://jobrecruitment.in/job-consultancy-template.php?city=Coimbatore&industry=FMCG,job-consultancy-template.php,WEAK,0,2
https://jobrecruitment.in/job-consultancy-template.php?city=Faridabad&industry=Logistics,job-consultancy-template.php,WEAK,0,2
https://jobrecruitment.in/job-consultancy-template.php?city=Ghaziabad&industry=Manufacturing,job-consultancy-template.php,WEAK,0,2
https://jobrecruitment.in/job-consultancy-template.php?city=Gwalior&industry=IT,job-consultancy-template.php,WEAK,0,2
https://jobrecruitment.in/job-consultancy-template.php?city=Hubli-Dharwad&industry=BFSI,job-consultancy-template.php,WEAK,0,2
https://jobrecruitment.in/job-consultancy-template.php?city=Hubli-Dharwad&industry=Retail,job-consultancy-template.php,WEAK,0,2
https://jobrecruitment.in/job-consultancy-template.php?city=Indore&industry=Real+Estate,job-consultancy-template.php,WEAK,0,2
https://jobrecruitment.in/job-consultancy-template.php?city=Kanpur&industry=Healthcare,job-consultancy-template.php,WEAK,0,2
https://jobrecruitment.in/job-consultancy-template.php?city=Kolkata&industry=Education,job-consultancy-template.php,WEAK,0,2
https://jobrecruitment.in/job-consultancy-template.php?city=Lucknow&industry=IT,job-consultancy-template.php,WEAK,0,2
https://jobrecruitment.in/job-consultancy-template.php?city=Lucknow&industry=Manufacturing,job-consultancy-template.php,WEAK,0,2
https://jobrecruitment.in/job-consultancy-template.php?city=Madurai&industry=Logistics,job-consultancy-template.php,WEAK,0,2
https://jobrecruitment.in/job-consultancy-template.php?city=Meerut&industry=IT,job-consultancy-template.php,WEAK,0,2
https://jobrecruitment.in/job-consultancy-template.php?city=Mumbai&industry=Healthcare,job-consultancy-template.php,WEAK,0,2
https://jobrecruitment.in/job-consultancy-template.php?city=Mumbai&industry=Real+Estate,job-consultancy-template.php,WEAK,0,2
https://jobrecruitment.in/job-consultancy-template.php?city=Patna&industry=BFSI,job-consultancy-template.php,WEAK,0,2
https://jobrecruitment.in/job-consultancy-template.php?city=Patna&industry=IT,job-consultancy-template.php,WEAK,0,2
https://jobrecruitment.in/job-consultancy-template.php?city=Pimpri-Chinchwad&industry=Manufacturing,job-consultancy-template.php,WEAK,0,2
https://jobrecruitment.in/job-consultancy-template.php?city=Pune&industry=Manufacturing,job-consultancy-template.php,WEAK,0,2
https://jobrecruitment.in/job-consultancy-template.php?city=Rajkot&industry=Real+Estate,job-consultancy-template.php,WEAK,0,2
https://jobrecruitment.in/job-consultancy-template.php?city=Ranchi&industry=Real+Estate,job-consultancy-template.php,WEAK,0,2
https://jobrecruitment.in/job-consultancy-template.php?city=Vijayawada&industry=Retail,job-consultancy-template.php,WEAK,0,2
https://jobrecruitment.in/job.php?role=Civil-Engineer&city=Gwalior&country=India,job.php,WEAK,1,2
https://jobrecruitment.in/job.php?role=Cloud-DevOps-Engineer&city=Kota&country=India,job.php,WEAK,1,2
https://jobrecruitment.in/job.php?role=Java-Developer&city=Patna&country=India,job.php,WEAK,1,2
https://jobrecruitment.in/job.php?role=Lab-Technician&city=Pune&country=India,job.php,WEAK,1,2
https://jobrecruitment.in/job.php?role=Python-Developer&city=Jabalpur&country=India,job.php,WEAK,1,2
https://jobrecruitment.in/job.php?role=SEO-Executive&city=Nashik&country=India,job.php,WEAK,1,2
https://jobrecruitment.in/job.php?role=Accountant&city=Bhopal&country=India,job.php,WEAK,0,2
https://jobrecruitment.in/job.php?role=Admin-Executive&city=Nagpur&country=India,job.php,WEAK,0,2
https://jobrecruitment.in/job.php?role=Android-Developer&city=Delhi&country=India,job.php,WEAK,0,2
https://jobrecruitment.in/job.php?role=Android-Developer&city=Guwahati&country=India,job.php,WEAK,0,2
https://jobrecruitment.in/job.php?role=Android-Developer&city=Kanpur&country=India,job.php,WEAK,0,2
https://jobrecruitment.in/job.php?role=Android-Developer&city=Madurai&country=India,job.php,WEAK,0,2
https://jobrecruitment.in/job.php?role=BPO-Telecaller&city=Ludhiana&country=India,job.php,WEAK,0,2
https://jobrecruitment.in/job.php?role=BPO-Telecaller&city=Patna&country=India,job.php,WEAK,0,2
https://jobrecruitment.in/job.php?role=BPO-Telecaller&city=Pimpri-Chinchwad&country=India,job.php,WEAK,0,2
https://jobrecruitment.in/job.php?role=Business-Development-Executive&city=Bhopal&country=India,job.php,WEAK,0,2
https://jobrecruitment.in/job.php?role=Business-Development-Executive&city=Gwalior&country=India,job.php,WEAK,0,2
https://jobrecruitment.in/job.php?role=Business-Development-Executive&city=Jaipur&country=India,job.php,WEAK,0,2
https://jobrecruitment.in/job.php?role=Business-Development-Executive&city=Ludhiana&country=India,job.php,WEAK,0,2
https://jobrecruitment.in/job.php?role=Cashier&city=Faridabad&country=India,job.php,WEAK,0,2
https://jobrecruitment.in/job.php?role=Cashier&city=Ghaziabad&country=India,job.php,WEAK,0,2
https://jobrecruitment.in/job.php?role=Cashier&city=Navi-Mumbai&country=India,job.php,WEAK,0,2
https://jobrecruitment.in/job.php?role=Cashier&city=Pune&country=India,job.php,WEAK,0,2
https://jobrecruitment.in/job.php?role=Cashier&city=Vijayawada&country=India,job.php,WEAK,0,2
https://jobrecruitment.in/job.php?role=Cloud-DevOps-Engineer&city=Jodhpur&country=India,job.php,WEAK,0,2
https://jobrecruitment.in/job.php?role=Cloud-DevOps-Engineer&city=Ludhiana&country=India,job.php,WEAK,0,2
https://jobrecruitment.in/job.php?role=Customer-Support-Executive&city=Madurai&country=India,job.php,WEAK,0,2
https://jobrecruitment.in/job.php?role=Customer-Support-Executive&city=Rajkot&country=India,job.php,WEAK,0,2
https://jobrecruitment.in/job.php?role=Customer-Support-Executive&city=Vadodara&country=India,job.php,WEAK,0,2
https://jobrecruitment.in/job.php?role=Cybersecurity-Analyst&city=Raipur&country=India,job.php,WEAK,0,2
https://jobrecruitment.in/job.php?role=Cybersecurity-Analyst&city=Ranchi&country=India,job.php,WEAK,0,2
https://jobrecruitment.in/job.php?role=Cybersecurity-Analyst&city=Thane&country=India,job.php,WEAK,0,2
https://jobrecruitment.in/job.php?role=Cybersecurity-Analyst&city=Vadodara&country=India,job.php,WEAK,0,2
https://jobrecruitment.in/job.php?role=Data-Analyst&city=Bhopal&country=India,job.php,WEAK,0,2
https://jobrecruitment.in/job.php?role=Data-Analyst&city=Thane&country=India,job.php,WEAK,0,2
https://jobrecruitment.in/job.php?role=Delivery-Partner&city=Varanasi&country=India,job.php,WEAK,0,2
https://jobrecruitment.in/job.php?role=Digital-Marketing&city=Varanasi&country=India,job.php,WEAK,0,2
https://jobrecruitment.in/job.php?role=Electrical-Engineer&state=Gujarat&country=India,job.php,WEAK,0,2
https://jobrecruitment.in/job.php?role=Financial-Analyst&city=Aurangabad&country=India,job.php,WEAK,0,2
https://jobrecruitment.in/job.php?role=Financial-Analyst&city=Ludhiana&country=India,job.php,WEAK,0,2
https://jobrecruitment.in/job.php?role=Financial-Analyst&city=Nashik&country=India,job.php,WEAK,0,2
https://jobrecruitment.in/job.php?role=Financial-Analyst&city=Ranchi&country=India,job.php,WEAK,0,2
https://jobrecruitment.in/job.php?role=Financial-Analyst&city=Vijayawada&country=India,job.php,WEAK,0,2
https://jobrecruitment.in/job.php?role=Fintech-Developer&city=Kota&country=India,job.php,WEAK,0,2
https://jobrecruitment.in/job.php?role=Fintech-Developer&city=Lucknow&country=India,job.php,WEAK,0,2
https://jobrecruitment.in/job.php?role=Full-Stack-Engineer&city=Ranchi&country=India,job.php,WEAK,0,2
https://jobrecruitment.in/job.php?role=Graphic-Designer&city=Guwahati&country=India,job.php,WEAK,0,2
https://jobrecruitment.in/job.php?role=HR-Manager&city=Aurangabad&country=India,job.php,WEAK,0,2
https://jobrecruitment.in/job.php?role=HR-Manager&city=Guwahati&country=India,job.php,WEAK,0,2
https://jobrecruitment.in/job.php?role=Inventory-Control&city=Lucknow&country=India,job.php,WEAK,0,2
https://jobrecruitment.in/job.php?role=Inventory-Control&city=Madurai&country=India,job.php,WEAK,0,2
https://jobrecruitment.in/job.php?role=Inventory-Control&city=Nagpur&country=India,job.php,WEAK,0,2
https://jobrecruitment.in/job.php?role=Inventory-Control&city=Rajkot&country=India,job.php,WEAK,0,2
https://jobrecruitment.in/job.php?role=Inventory-Control&city=Ranchi&country=India,job.php,WEAK,0,2
https://jobrecruitment.in/job.php?role=Java-Developer&city=Jabalpur&country=India,job.php,WEAK,0,2
https://jobrecruitment.in/job.php?role=Java-Developer&city=Lucknow&country=India,job.php,WEAK,0,2
https://jobrecruitment.in/job.php?role=Lab-Technician&city=Amritsar&country=India,job.php,WEAK,0,2
https://jobrecruitment.in/job.php?role=Lab-Technician&city=Jabalpur&country=India,job.php,WEAK,0,2
https://jobrecruitment.in/job.php?role=Lab-Technician&state=Maharashtra&country=India,job.php,WEAK,0,2
https://jobrecruitment.in/job.php?role=Logistics-Coordinator&state=Kerala&country=India,job.php,WEAK,0,2
https://jobrecruitment.in/job.php?role=Machine-Learning-Engineer&state=Kerala&country=India,job.php,WEAK,0,2
https://jobrecruitment.in/job.php?role=Mechanical-Engineer&city=Jabalpur&country=India,job.php,WEAK,0,2
https://jobrecruitment.in/job.php?role=Mechanical-Engineer&city=Kanpur&country=India,job.php,WEAK,0,2
https://jobrecruitment.in/job.php?role=Mechanical-Engineer&city=Ludhiana&country=India,job.php,WEAK,0,2
https://jobrecruitment.in/job.php?role=Mechanical-Engineer&city=Madurai&country=India,job.php,WEAK,0,2
https://jobrecruitment.in/job.php?role=Mechanical-Engineer&city=Noida&country=India,job.php,WEAK,0,2
https://jobrecruitment.in/job.php?role=Mechanical-Engineer&city=Pune&country=India,job.php,WEAK,0,2
https://jobrecruitment.in/job.php?role=Mechanical-Engineer&city=Visakhapatnam&country=India,job.php,WEAK,0,2
https://jobrecruitment.in/job.php?role=Medical-Representative&city=Bhopal&country=India,job.php,WEAK,0,2
https://jobrecruitment.in/job.php?role=Medical-Representative&city=Gwalior&country=India,job.php,WEAK,0,2
https://jobrecruitment.in/job.php?role=Medical-Representative&state=West-Bengal&country=India,job.php,WEAK,0,2
https://jobrecruitment.in/job.php?role=NodeJS-Developer&city=Ranchi&country=India,job.php,WEAK,0,2
https://jobrecruitment.in/job.php?role=Operations-Manager&city=Kota&country=India,job.php,WEAK,0,2
https://jobrecruitment.in/job.php?role=Operations-Manager&city=Patna&country=India,job.php,WEAK,0,2
https://jobrecruitment.in/job.php?role=Operations-Manager&city=Ranchi&country=India,job.php,WEAK,0,2
https://jobrecruitment.in/job.php?role=Operations-Manager&city=Vasai-Virar&country=India,job.php,WEAK,0,2
https://jobrecruitment.in/job.php?role=Operations-Manager&city=Vijayawada&country=India,job.php,WEAK,0,2
https://jobrecruitment.in/job.php?role=PHP-Developer&city=Gwalior&country=India,job.php,WEAK,0,2
https://jobrecruitment.in/job.php?role=PHP-Developer&state=Uttar-Pradesh&country=India,job.php,WEAK,0,2
https://jobrecruitment.in/job.php?role=Pharmacist&city=Visakhapatnam&country=India,job.php,WEAK,0,2
https://jobrecruitment.in/job.php?role=Pharmacist&state=Madhya-Pradesh&country=India,job.php,WEAK,0,2
https://jobrecruitment.in/job.php?role=Project-Manager&city=Visakhapatnam&country=India,job.php,WEAK,0,2
https://jobrecruitment.in/job.php?role=Project-Manager&state=West-Bengal&country=India,job.php,WEAK,0,2
https://jobrecruitment.in/job.php?role=Python-Developer&city=Vasai-Virar&country=India,job.php,WEAK,0,2
https://jobrecruitment.in/job.php?role=QA-Tester&city=Lucknow&country=India,job.php,WEAK,0,2
https://jobrecruitment.in/job.php?role=Quality-Control&city=Lucknow&country=India,job.php,WEAK,0,2
https://jobrecruitment.in/job.php?role=Quality-Control&city=Ranchi&country=India,job.php,WEAK,0,2
https://jobrecruitment.in/job.php?role=Quality-Control&state=Andhra-Pradesh&country=India,job.php,WEAK,0,2
https://jobrecruitment.in/job.php?role=Quality-Control&state=Maharashtra&country=India,job.php,WEAK,0,2
https://jobrecruitment.in/job.php?role=React-Developer&city=Gurugram&country=India,job.php,WEAK,0,2
https://jobrecruitment.in/job.php?role=Retail-Store-Manager&city=Ghaziabad&country=India,job.php,WEAK,0,2
https://jobrecruitment.in/job.php?role=Retail-Store-Manager&city=Hyderabad&country=India,job.php,WEAK,0,2
https://jobrecruitment.in/job.php?role=Retail-Store-Manager&city=Ranchi&country=India,job.php,WEAK,0,2
https://jobrecruitment.in/job.php?role=Retail-Store-Manager&city=Thane&country=India,job.php,WEAK,0,2
https://jobrecruitment.in/job.php?role=Risk-Compliance-Analyst&city=Visakhapatnam&country=India,job.php,WEAK,0,2
https://jobrecruitment.in/job.php?role=SEO-Executive&city=Gwalior&country=India,job.php,WEAK,0,2
https://jobrecruitment.in/job.php?role=SEO-Executive&city=Raipur&country=India,job.php,WEAK,0,2
https://jobrecruitment.in/job.php?role=Safety-Officer&city=Faridabad&country=India,job.php,WEAK,0,2
https://jobrecruitment.in/job.php?role=Safety-Officer&city=Howrah&country=India,job.php,WEAK,0,2
https://jobrecruitment.in/job.php?role=Safety-Officer&city=Kolkata&country=India,job.php,WEAK,0,2
https://jobrecruitment.in/job.php?role=Safety-Officer&city=Varanasi&country=India,job.php,WEAK,0,2
https://jobrecruitment.in/job.php?role=Sales-Manager&city=Navi-Mumbai&country=India,job.php,WEAK,0,2
https://jobrecruitment.in/job.php?role=Staff-Nurse&city=Amritsar&country=India,job.php,WEAK,0,2
https://jobrecruitment.in/job.php?role=Staff-Nurse&city=Gwalior&country=India,job.php,WEAK,0,2
https://jobrecruitment.in/job.php?role=Staff-Nurse&city=Hyderabad&country=India,job.php,WEAK,0,2
https://jobrecruitment.in/job.php?role=Staff-Nurse&city=Vadodara&country=India,job.php,WEAK,0,2
https://jobrecruitment.in/job.php?role=Talent-Acquisition&city=Gurugram&country=India,job.php,WEAK,0,2
https://jobrecruitment.in/job.php?role=Talent-Acquisition&city=Rajkot&country=India,job.php,WEAK,0,2
https://jobrecruitment.in/job.php?role=Talent-Acquisition&city=Vijayawada&country=India,job.php,WEAK,0,2
https://jobrecruitment.in/job.php?role=UI-UX-Designer&city=Allahabad&country=India,job.php,WEAK,0,2
https://jobrecruitment.in/job.php?role=UI-UX-Designer&city=Faridabad&country=India,job.php,WEAK,0,2
https://jobrecruitment.in/job.php?role=UI-UX-Designer&city=Patna&country=India,job.php,WEAK,0,2
https://jobrecruitment.in/job.php?role=UI-UX-Designer&state=Maharashtra&country=India,job.php,WEAK,0,2
https://jobrecruitment.in/job.php?role=iOS-Developer&city=Hyderabad&country=India,job.php,WEAK,0,2
https://jobrecruitment.in/job.php?role=iOS-Developer&city=Jabalpur&country=India,job.php,WEAK,0,2
https://jobrecruitment.in/job.php?role=iOS-Developer&city=Nagpur&country=India,job.php,WEAK,0,2
https://jobrecruitment.in/job.php?role=iOS-Developer&city=Nashik&country=India,job.php,WEAK,0,2
https://jobrecruitment.in/job.php?role=iOS-Developer&city=Patna&country=India,job.php,WEAK,0,2
https://jobrecruitment.in/job/senior-accountant-gulbai-tekra-ahmedabad-ff0407,job/senior-accountant-gulbai-tekra-ahmedabad-ff0407,WEAK,0,2
https://jobrecruitment.in/jobs-in-navrangpura-ahmedabad.html,jobs-in-navrangpura-ahmedabad,WEAK,0,2
https://jobrecruitment.in/jobs-in-odhav-ahmedabad.html,jobs-in-odhav-ahmedabad,WEAK,0,2
https://jobrecruitment.in/jobs-in-prahlad-nagar-ahmedabad.html,jobs-in-prahlad-nagar-ahmedabad,WEAK,0,2
https://jobrecruitment.in/jobs-in-south-bopal-ahmedabad.html,jobs-in-south-bopal-ahmedabad,WEAK,0,2
https://jobrecruitment.in/lab-technician-job-in-andhra-pradesh.html,lab-technician-job-in-andhra-pradesh,WEAK,0,2
https://jobrecruitment.in/lab-technician-job-in-aurangabad.html,lab-technician-job-in-aurangabad,WEAK,0,2
https://jobrecruitment.in/lab-technician-job-in-chandigarh.html,lab-technician-job-in-chandigarh,WEAK,0,2
https://jobrecruitment.in/lab-technician-job-in-gwalior.html,lab-technician-job-in-gwalior,WEAK,0,2
https://jobrecruitment.in/lab-technician-job-in-indore.html,lab-technician-job-in-indore,WEAK,0,2
https://jobrecruitment.in/lab-technician-job-in-kolkata.html,lab-technician-job-in-kolkata,WEAK,0,2
https://jobrecruitment.in/lab-technician-job-in-madurai.html,lab-technician-job-in-madurai,WEAK,0,2
https://jobrecruitment.in/lab-technician-job-in-vasai-virar.html,lab-technician-job-in-vasai-virar,WEAK,1,2
https://jobrecruitment.in/logistics-coordinator-job-in-kota.html,logistics-coordinator-job-in-kota,WEAK,0,2
https://jobrecruitment.in/logistics-coordinator-job-in-patna.html,logistics-coordinator-job-in-patna,WEAK,0,2
https://jobrecruitment.in/logistics-recruitment-agency-in-chennai.html,logistics-recruitment-agency-in-chennai,WEAK,0,2
https://jobrecruitment.in/logistics-recruitment-agency-in-kalyan-dombivli.html,logistics-recruitment-agency-in-kalyan-dombivli,WEAK,0,2
https://jobrecruitment.in/logistics-recruitment-agency-in-lucknow.html,logistics-recruitment-agency-in-lucknow,WEAK,0,2
https://jobrecruitment.in/logistics-recruitment-agency-in-mumbai.html,logistics-recruitment-agency-in-mumbai,WEAK,0,2
https://jobrecruitment.in/logistics-recruitment-agency-in-nagpur.html,logistics-recruitment-agency-in-nagpur,WEAK,0,2
https://jobrecruitment.in/machine-learning-engineer-job-in-kerala.html,machine-learning-engineer-job-in-kerala,WEAK,0,2
https://jobrecruitment.in/machine-learning-engineer-job-in-pune.html,machine-learning-engineer-job-in-pune,WEAK,0,2
https://jobrecruitment.in/manufacturing-recruitment-agency-in-ludhiana.html,manufacturing-recruitment-agency-in-ludhiana,WEAK,0,2
https://jobrecruitment.in/manufacturing-recruitment-agency-in-pimpri-chinchwad.html,manufacturing-recruitment-agency-in-pimpri-chinchwad,WEAK,0,2
https://jobrecruitment.in/manufacturing-recruitment-agency-in-raipur.html,manufacturing-recruitment-agency-in-raipur,WEAK,0,2
https://jobrecruitment.in/mechanical-engineer-job-in-andhra-pradesh.html,mechanical-engineer-job-in-andhra-pradesh,WEAK,0,2
https://jobrecruitment.in/mechanical-engineer-job-in-bihar.html,mechanical-engineer-job-in-bihar,WEAK,0,2
https://jobrecruitment.in/mechanical-engineer-job-in-jabalpur.html,mechanical-engineer-job-in-jabalpur,WEAK,0,2
https://jobrecruitment.in/mechanical-engineer-job-in-kerala.html,mechanical-engineer-job-in-kerala,WEAK,0,2
https://jobrecruitment.in/mechanical-engineer-job-in-lucknow.html,mechanical-engineer-job-in-lucknow,WEAK,0,2
https://jobrecruitment.in/mechanical-engineer-job-in-maharashtra.html,mechanical-engineer-job-in-maharashtra,WEAK,0,2
https://jobrecruitment.in/mechanical-engineer-job-in-nagpur.html,mechanical-engineer-job-in-nagpur,WEAK,0,2
https://jobrecruitment.in/mechanical-engineer-job-in-varanasi.html,mechanical-engineer-job-in-varanasi,WEAK,0,2
https://jobrecruitment.in/medical-representative-job-in-agra.html,medical-representative-job-in-agra,WEAK,0,2
https://jobrecruitment.in/medical-representative-job-in-nagpur.html,medical-representative-job-in-nagpur,WEAK,0,2
https://jobrecruitment.in/medical-representative-job-in-patna.html,medical-representative-job-in-patna,WEAK,0,2
https://jobrecruitment.in/new-recruitment,new-recruitment,WEAK,0,2
https://jobrecruitment.in/pharmacist-job-in-andhra-pradesh.html,pharmacist-job-in-andhra-pradesh,WEAK,0,2
https://jobrecruitment.in/pharmacist-job-in-chennai.html,pharmacist-job-in-chennai,WEAK,0,2
https://jobrecruitment.in/pharmacist-job-in-dhanbad.html,pharmacist-job-in-dhanbad,WEAK,0,2
https://jobrecruitment.in/pharmacist-job-in-faridabad.html,pharmacist-job-in-faridabad,WEAK,0,2
https://jobrecruitment.in/pharmacist-job-in-jabalpur.html,pharmacist-job-in-jabalpur,WEAK,0,2
https://jobrecruitment.in/pharmacist-job-in-nagpur.html,pharmacist-job-in-nagpur,WEAK,0,2
https://jobrecruitment.in/pharmacist-job-in-punjab.html,pharmacist-job-in-punjab,WEAK,0,2
https://jobrecruitment.in/pharmacist-job-in-srinagar.html,pharmacist-job-in-srinagar,WEAK,0,2
https://jobrecruitment.in/pharmacist-job-in-thane.html,pharmacist-job-in-thane,WEAK,0,2
https://jobrecruitment.in/pharmacist-job-in-uttar-pradesh.html,pharmacist-job-in-uttar-pradesh,WEAK,0,2
https://jobrecruitment.in/php-developer-job-in-jodhpur.html,php-developer-job-in-jodhpur,WEAK,0,2
https://jobrecruitment.in/php-developer-job-in-ranchi.html,php-developer-job-in-ranchi,WEAK,0,2
https://jobrecruitment.in/python-developer-job-in-gwalior.html,python-developer-job-in-gwalior,WEAK,0,2
https://jobrecruitment.in/python-developer-job-in-kolkata.html,python-developer-job-in-kolkata,WEAK,0,2
https://jobrecruitment.in/qa-tester-job-in-gwalior.html,qa-tester-job-in-gwalior,WEAK,0,2
https://jobrecruitment.in/qa-tester-job-in-raipur.html,qa-tester-job-in-raipur,WEAK,0,2
https://jobrecruitment.in/react-developer-job-in-gurugram.html,react-developer-job-in-gurugram,WEAK,0,2
https://jobrecruitment.in/real-estate-recruitment-agency-in-guwahati.html,real-estate-recruitment-agency-in-guwahati,WEAK,0,2
https://jobrecruitment.in/real-estate-recruitment-agency-in-jaipur.html,real-estate-recruitment-agency-in-jaipur,WEAK,0,2
https://jobrecruitment.in/real-estate-recruitment-agency-in-nagpur.html,real-estate-recruitment-agency-in-nagpur,WEAK,0,2
https://jobrecruitment.in/real-estate-recruitment-agency-in-patna.html,real-estate-recruitment-agency-in-patna,WEAK,0,2
https://jobrecruitment.in/retail-recruitment-agency-in-ahmedabad.html,retail-recruitment-agency-in-ahmedabad,WEAK,0,2
https://jobrecruitment.in/retail-recruitment-agency-in-lucknow.html,retail-recruitment-agency-in-lucknow,WEAK,1,2
https://jobrecruitment.in/retail-store-manager-job-in-allahabad.html,retail-store-manager-job-in-allahabad,WEAK,0,2
https://jobrecruitment.in/retail-store-manager-job-in-jabalpur.html,retail-store-manager-job-in-jabalpur,WEAK,0,2
https://jobrecruitment.in/retail-store-manager-job-in-srinagar.html,retail-store-manager-job-in-srinagar,WEAK,0,2
https://jobrecruitment.in/retail-store-manager-job-in-thane.html,retail-store-manager-job-in-thane,WEAK,0,2
https://jobrecruitment.in/risk-compliance-analyst-job-in-ahmedabad.html,risk-compliance-analyst-job-in-ahmedabad,WEAK,0,2
https://jobrecruitment.in/risk-compliance-analyst-job-in-coimbatore.html,risk-compliance-analyst-job-in-coimbatore,WEAK,0,2
https://jobrecruitment.in/risk-compliance-analyst-job-in-india.html,risk-compliance-analyst-job-in-india,WEAK,0,2
https://jobrecruitment.in/risk-compliance-analyst-job-in-jodhpur.html,risk-compliance-analyst-job-in-jodhpur,WEAK,0,2
https://jobrecruitment.in/risk-compliance-analyst-job-in-kota.html,risk-compliance-analyst-job-in-kota,WEAK,0,2
https://jobrecruitment.in/risk-compliance-analyst-job-in-varanasi.html,risk-compliance-analyst-job-in-varanasi,WEAK,0,2
https://jobrecruitment.in/safety-officer-job-in-madurai.html,safety-officer-job-in-madurai,WEAK,0,2
https://jobrecruitment.in/safety-officer-job-in-rajkot.html,safety-officer-job-in-rajkot,WEAK,0,2
https://jobrecruitment.in/safety-officer-job-in-visakhapatnam.html,safety-officer-job-in-visakhapatnam,WEAK,0,2
https://jobrecruitment.in/sales-manager-job-in-ghaziabad.html,sales-manager-job-in-ghaziabad,WEAK,0,2
https://jobrecruitment.in/sales-manager-job-in-pune.html,sales-manager-job-in-pune,WEAK,0,2
https://jobrecruitment.in/seo-executive-job-in-guwahati.html,seo-executive-job-in-guwahati,WEAK,0,2
https://jobrecruitment.in/seo-executive-job-in-kanpur.html,seo-executive-job-in-kanpur,WEAK,0,2
https://jobrecruitment.in/seo-executive-job-in-kolkata.html,seo-executive-job-in-kolkata,WEAK,0,2
https://jobrecruitment.in/seo-executive-job-in-rajasthan.html,seo-executive-job-in-rajasthan,WEAK,0,2
https://jobrecruitment.in/staff-nurse-job-in-ahmedabad.html,staff-nurse-job-in-ahmedabad,WEAK,0,2
https://jobrecruitment.in/staff-nurse-job-in-rajasthan.html,staff-nurse-job-in-rajasthan,WEAK,1,2
https://jobrecruitment.in/staff-nurse-job-in-uttar-pradesh.html,staff-nurse-job-in-uttar-pradesh,WEAK,0,2
https://jobrecruitment.in/supply-chain-analyst-job-in-amritsar.html,supply-chain-analyst-job-in-amritsar,WEAK,0,2
https://jobrecruitment.in/supply-chain-analyst-job-in-ranchi.html,supply-chain-analyst-job-in-ranchi,WEAK,0,2
https://jobrecruitment.in/talent-acquisition-job-in-ahmedabad.html,talent-acquisition-job-in-ahmedabad,WEAK,0,2
https://jobrecruitment.in/talent-acquisition-job-in-vadodara.html,talent-acquisition-job-in-vadodara,WEAK,0,2
https://jobrecruitment.in/talent-acquisition-job-in-vijayawada.html,talent-acquisition-job-in-vijayawada,WEAK,0,2
https://jobrecruitment.in/ui-ux-designer-job-in-india.html,ui-ux-designer-job-in-india,WEAK,0,2
https://jobrecruitment.in/ui-ux-designer-job-in-kalyan-dombivli.html,ui-ux-designer-job-in-kalyan-dombivli,WEAK,0,2
https://jobrecruitment.in/ui-ux-designer-job-in-madurai.html,ui-ux-designer-job-in-madurai,WEAK,0,2
https://jobrecruitment.in/warehouse-manager-job-in-indore.html,warehouse-manager-job-in-indore,WEAK,0,2
https://jobrecruitment.in/accountant-job-in-bengaluru.html,accountant-job-in-bengaluru,WEAK,0,1
https://jobrecruitment.in/accountant-job-in-guwahati.html,accountant-job-in-guwahati,WEAK,0,1
https://jobrecruitment.in/accountant-job-in-jaipur.html,accountant-job-in-jaipur,WEAK,0,1
https://jobrecruitment.in/accountant-job-in-kalyan-dombivli.html,accountant-job-in-kalyan-dombivli,WEAK,0,1
https://jobrecruitment.in/accountant-job-in-kanpur.html,accountant-job-in-kanpur,WEAK,0,1
https://jobrecruitment.in/accountant-job-in-ludhiana.html,accountant-job-in-ludhiana,WEAK,0,1
https://jobrecruitment.in/accountant-job-in-nagpur.html,accountant-job-in-nagpur,WEAK,0,1
https://jobrecruitment.in/accountant-job-in-rajasthan.html,accountant-job-in-rajasthan,WEAK,0,1
https://jobrecruitment.in/accountant-job-in-ranchi.html,accountant-job-in-ranchi,WEAK,1,1
https://jobrecruitment.in/admin-executive-job-in-allahabad.html,admin-executive-job-in-allahabad,WEAK,0,1
https://jobrecruitment.in/admin-executive-job-in-bengaluru.html,admin-executive-job-in-bengaluru,WEAK,0,1
https://jobrecruitment.in/admin-executive-job-in-chennai.html,admin-executive-job-in-chennai,WEAK,0,1
https://jobrecruitment.in/admin-executive-job-in-dhanbad.html,admin-executive-job-in-dhanbad,WEAK,0,1
https://jobrecruitment.in/admin-executive-job-in-indore.html,admin-executive-job-in-indore,WEAK,0,1
https://jobrecruitment.in/admin-executive-job-in-ranchi.html,admin-executive-job-in-ranchi,WEAK,0,1
https://jobrecruitment.in/admin-executive-job-in-uttar-pradesh.html,admin-executive-job-in-uttar-pradesh,WEAK,0,1
https://jobrecruitment.in/admin-executive-job-in-vijayawada.html,admin-executive-job-in-vijayawada,WEAK,1,1
https://jobrecruitment.in/ai-researcher-job-in-bihar.html,ai-researcher-job-in-bihar,WEAK,0,1
https://jobrecruitment.in/ai-researcher-job-in-dhanbad.html,ai-researcher-job-in-dhanbad,WEAK,0,1
https://jobrecruitment.in/ai-researcher-job-in-gujarat.html,ai-researcher-job-in-gujarat,WEAK,0,1
https://jobrecruitment.in/ai-researcher-job-in-indore.html,ai-researcher-job-in-indore,WEAK,0,1
https://jobrecruitment.in/ai-researcher-job-in-madhya-pradesh.html,ai-researcher-job-in-madhya-pradesh,WEAK,0,1
https://jobrecruitment.in/ai-researcher-job-in-pune.html,ai-researcher-job-in-pune,WEAK,0,1
https://jobrecruitment.in/ai-researcher-job-in-vadodara.html,ai-researcher-job-in-vadodara,WEAK,1,1
https://jobrecruitment.in/android-developer-job-in-mumbai.html,android-developer-job-in-mumbai,WEAK,0,1
https://jobrecruitment.in/android-developer-job-in-patna.html,android-developer-job-in-patna,WEAK,0,1
https://jobrecruitment.in/android-developer-job-in-rajkot.html,android-developer-job-in-rajkot,WEAK,0,1
https://jobrecruitment.in/article.php?role=AI-Researcher&city=Kota&country=India,article.php,WEAK,1,1
https://jobrecruitment.in/article.php?role=Accountant&city=Bhopal&country=India,article.php,WEAK,0,1
https://jobrecruitment.in/article.php?role=Accountant&city=Coimbatore&country=India,article.php,WEAK,0,1
https://jobrecruitment.in/article.php?role=Accountant&city=Thane&country=India,article.php,WEAK,0,1
https://jobrecruitment.in/article.php?role=Accountant&state=Punjab&country=India,article.php,WEAK,0,1
https://jobrecruitment.in/article.php?role=Admin-Executive&city=Ahmedabad&country=India,article.php,WEAK,0,1
https://jobrecruitment.in/article.php?role=Admin-Executive&city=Bengaluru&country=India,article.php,WEAK,0,1
https://jobrecruitment.in/article.php?role=Admin-Executive&city=Coimbatore&country=India,article.php,WEAK,0,1
https://jobrecruitment.in/article.php?role=Admin-Executive&city=Gwalior&country=India,article.php,WEAK,0,1
https://jobrecruitment.in/article.php?role=Admin-Executive&city=Jodhpur&country=India,article.php,WEAK,0,1
https://jobrecruitment.in/article.php?role=Admin-Executive&city=Rajkot&country=India,article.php,WEAK,0,1
https://jobrecruitment.in/article.php?role=Admin-Executive&city=Varanasi&country=India,article.php,WEAK,0,1
https://jobrecruitment.in/article.php?role=Android-Developer&city=Patna&country=India,article.php,WEAK,0,1
https://jobrecruitment.in/article.php?role=Android-Developer&country=India,article.php,WEAK,0,1
https://jobrecruitment.in/article.php?role=BPO-Telecaller&city=Hyderabad&country=India,article.php,WEAK,0,1
https://jobrecruitment.in/article.php?role=BPO-Telecaller&city=Indore&country=India,article.php,WEAK,0,1
https://jobrecruitment.in/article.php?role=BPO-Telecaller&city=Mumbai&country=India,article.php,WEAK,0,1
https://jobrecruitment.in/article.php?role=BPO-Telecaller&state=Maharashtra&country=India,article.php,WEAK,0,1
https://jobrecruitment.in/article.php?role=Bank-Clerk&city=Bhopal&country=India,article.php,WEAK,0,1
https://jobrecruitment.in/article.php?role=Bank-Clerk&city=Indore&country=India,article.php,WEAK,0,1
https://jobrecruitment.in/article.php?role=Bank-Clerk&city=Pimpri-Chinchwad&country=India,article.php,WEAK,0,1
https://jobrecruitment.in/article.php?role=Bank-Clerk&state=Madhya-Pradesh&country=India,article.php,WEAK,0,1
https://jobrecruitment.in/article.php?role=Bank-Clerk&state=West-Bengal&country=India,article.php,WEAK,0,1
https://jobrecruitment.in/article.php?role=Business-Development-Executive&city=Mumbai&country=India,article.php,WEAK,0,1
https://jobrecruitment.in/article.php?role=Business-Development-Executive&country=India,article.php,WEAK,0,1
https://jobrecruitment.in/article.php?role=Cashier&city=Agra&country=India,article.php,WEAK,0,1
https://jobrecruitment.in/article.php?role=Cashier&city=Hyderabad&country=India,article.php,WEAK,0,1
https://jobrecruitment.in/article.php?role=Cashier&city=Kalyan-Dombivli&country=India,article.php,WEAK,0,1
https://jobrecruitment.in/article.php?role=Cashier&city=Varanasi&country=India,article.php,WEAK,0,1
https://jobrecruitment.in/article.php?role=Cashier&city=Vijayawada&country=India,article.php,WEAK,0,1
https://jobrecruitment.in/article.php?role=Cashier&state=Uttar-Pradesh&country=India,article.php,WEAK,0,1
https://jobrecruitment.in/article.php?role=Civil-Engineer&city=Nashik&country=India,article.php,WEAK,0,1
https://jobrecruitment.in/article.php?role=Civil-Engineer&city=Pune&country=India,article.php,WEAK,0,1
https://jobrecruitment.in/article.php?role=Civil-Engineer&city=Ranchi&country=India,article.php,WEAK,0,1
https://jobrecruitment.in/article.php?role=Civil-Engineer&state=Bihar&country=India,article.php,WEAK,0,1
https://jobrecruitment.in/article.php?role=Civil-Engineer&state=Punjab&country=India,article.php,WEAK,0,1
https://jobrecruitment.in/article.php?role=Cloud-DevOps-Engineer&city=Madurai&country=India,article.php,WEAK,0,1
https://jobrecruitment.in/article.php?role=Cloud-DevOps-Engineer&state=Bihar&country=India,article.php,WEAK,0,1
https://jobrecruitment.in/article.php?role=Content-Writer&city=Ludhiana&country=India,article.php,WEAK,0,1
https://jobrecruitment.in/article.php?role=Content-Writer&city=Pune&country=India,article.php,WEAK,0,1
https://jobrecruitment.in/article.php?role=Content-Writer&city=Ranchi&country=India,article.php,WEAK,0,1
https://jobrecruitment.in/article.php?role=Customer-Support-Executive&city=Bengaluru&country=India,article.php,WEAK,0,1
https://jobrecruitment.in/article.php?role=Cybersecurity-Analyst&city=Jaipur&country=India,article.php,WEAK,0,1
https://jobrecruitment.in/article.php?role=Cybersecurity-Analyst&city=Madurai&country=India,article.php,WEAK,0,1
https://jobrecruitment.in/article.php?role=Cybersecurity-Analyst&city=Raipur&country=India,article.php,WEAK,0,1
https://jobrecruitment.in/article.php?role=Cybersecurity-Analyst&state=Kerala&country=India,article.php,WEAK,0,1
https://jobrecruitment.in/article.php?role=Data-Analyst&city=Chennai&country=India,article.php,WEAK,0,1
https://jobrecruitment.in/article.php?role=Data-Analyst&city=Pune&country=India,article.php,WEAK,0,1
https://jobrecruitment.in/article.php?role=Data-Analyst&city=Surat&country=India,article.php,WEAK,0,1
https://jobrecruitment.in/article.php?role=Data-Analyst&city=Visakhapatnam&country=India,article.php,WEAK,0,1
https://jobrecruitment.in/article.php?role=Data-Analyst&state=Kerala&country=India,article.php,WEAK,0,1
https://jobrecruitment.in/article.php?role=Delivery-Partner&city=Indore&country=India,article.php,WEAK,0,1
https://jobrecruitment.in/article.php?role=Delivery-Partner&city=Nagpur&country=India,article.php,WEAK,0,1
https://jobrecruitment.in/article.php?role=Delivery-Partner&city=Pune&country=India,article.php,WEAK,0,1
https://jobrecruitment.in/article.php?role=Delivery-Partner&city=Rajkot&country=India,article.php,WEAK,0,1
https://jobrecruitment.in/article.php?role=Digital-Marketing&city=Agra&country=India,article.php,WEAK,0,1
https://jobrecruitment.in/article.php?role=Digital-Marketing&city=Madurai&country=India,article.php,WEAK,0,1
https://jobrecruitment.in/article.php?role=Electrical-Engineer&city=Allahabad&country=India,article.php,WEAK,0,1
https://jobrecruitment.in/article.php?role=Financial-Analyst&city=Amritsar&country=India,article.php,WEAK,0,1
https://jobrecruitment.in/article.php?role=Financial-Analyst&state=Tamil-Nadu&country=India,article.php,WEAK,0,1
https://jobrecruitment.in/article.php?role=Financial-Analyst&state=West-Bengal&country=India,article.php,WEAK,0,1
https://jobrecruitment.in/article.php?role=Fintech-Developer&state=Punjab&country=India,article.php,WEAK,0,1
https://jobrecruitment.in/article.php?role=Full-Stack-Engineer&city=Nashik&country=India,article.php,WEAK,0,1
https://jobrecruitment.in/article.php?role=Graphic-Designer&city=Bengaluru&country=India,article.php,WEAK,0,1
https://jobrecruitment.in/article.php?role=Graphic-Designer&state=Andhra-Pradesh&country=India,article.php,WEAK,0,1
https://jobrecruitment.in/article.php?role=Graphic-Designer&state=Gujarat&country=India,article.php,WEAK,0,1
https://jobrecruitment.in/article.php?role=Graphic-Designer&state=Maharashtra&country=India,article.php,WEAK,0,1
https://jobrecruitment.in/article.php?role=HR-Manager&city=Raipur&country=India,article.php,WEAK,0,1
https://jobrecruitment.in/article.php?role=Inventory-Control&city=Thane&country=India,article.php,WEAK,0,1
https://jobrecruitment.in/article.php?role=Java-Developer&city=Dhanbad&country=India,article.php,WEAK,0,1
https://jobrecruitment.in/article.php?role=Java-Developer&city=Hyderabad&country=India,article.php,WEAK,0,1
https://jobrecruitment.in/article.php?role=Lab-Technician&city=Raipur&country=India,article.php,WEAK,0,1
https://jobrecruitment.in/article.php?role=Lab-Technician&city=Ranchi&country=India,article.php,WEAK,0,1
https://jobrecruitment.in/article.php?role=Lab-Technician&city=Surat&country=India,article.php,WEAK,0,1
https://jobrecruitment.in/article.php?role=Lab-Technician&city=Vadodara&country=India,article.php,WEAK,0,1
https://jobrecruitment.in/article.php?role=Lab-Technician&state=Andhra-Pradesh&country=India,article.php,WEAK,0,1
https://jobrecruitment.in/article.php?role=Lab-Technician&state=West-Bengal&country=India,article.php,WEAK,0,1
https://jobrecruitment.in/article.php?role=Logistics-Coordinator&city=Agra&country=India,article.php,WEAK,0,1
https://jobrecruitment.in/article.php?role=Logistics-Coordinator&city=Guwahati&country=India,article.php,WEAK,0,1
https://jobrecruitment.in/article.php?role=Logistics-Coordinator&city=Hyderabad&country=India,article.php,WEAK,0,1
https://jobrecruitment.in/article.php?role=Logistics-Coordinator&city=Lucknow&country=India,article.php,WEAK,0,1
https://jobrecruitment.in/article.php?role=Logistics-Coordinator&city=Patna&country=India,article.php,WEAK,0,1
https://jobrecruitment.in/article.php?role=Logistics-Coordinator&city=Srinagar&country=India,article.php,WEAK,0,1
https://jobrecruitment.in/article.php?role=Logistics-Coordinator&state=Maharashtra&country=India,article.php,WEAK,0,1
https://jobrecruitment.in/article.php?role=Machine-Learning-Engineer&city=Madurai&country=India,article.php,WEAK,0,1
https://jobrecruitment.in/article.php?role=Machine-Learning-Engineer&state=Kerala&country=India,article.php,WEAK,0,1
https://jobrecruitment.in/article.php?role=Mechanical-Engineer&city=Allahabad&country=India,article.php,WEAK,0,1
https://jobrecruitment.in/article.php?role=Mechanical-Engineer&city=Amritsar&country=India,article.php,WEAK,0,1
https://jobrecruitment.in/article.php?role=Mechanical-Engineer&city=Coimbatore&country=India,article.php,WEAK,0,1
https://jobrecruitment.in/article.php?role=Mechanical-Engineer&city=Kota&country=India,article.php,WEAK,0,1
https://jobrecruitment.in/article.php?role=Mechanical-Engineer&country=India,article.php,WEAK,0,1
https://jobrecruitment.in/article.php?role=Mechanical-Engineer&state=Bihar&country=India,article.php,WEAK,0,1
https://jobrecruitment.in/article.php?role=Mechanical-Engineer&state=Punjab&country=India,article.php,WEAK,0,1
https://jobrecruitment.in/article.php?role=Medical-Representative&city=Mumbai&country=India,article.php,WEAK,0,1
https://jobrecruitment.in/article.php?role=Medical-Representative&city=Thane&country=India,article.php,WEAK,0,1
https://jobrecruitment.in/article.php?role=NodeJS-Developer&city=Guwahati&country=India,article.php,WEAK,0,1
https://jobrecruitment.in/article.php?role=NodeJS-Developer&city=Mumbai&country=India,article.php,WEAK,0,1
https://jobrecruitment.in/article.php?role=NodeJS-Developer&city=Nashik&country=India,article.php,WEAK,0,1
https://jobrecruitment.in/article.php?role=NodeJS-Developer&state=Uttar-Pradesh&country=India,article.php,WEAK,0,1
https://jobrecruitment.in/article.php?role=Operations-Manager&city=Coimbatore&country=India,article.php,WEAK,0,1
https://jobrecruitment.in/article.php?role=Operations-Manager&city=Dhanbad&country=India,article.php,WEAK,0,1
https://jobrecruitment.in/article.php?role=Operations-Manager&city=Nagpur&country=India,article.php,WEAK,0,1
https://jobrecruitment.in/article.php?role=Operations-Manager&city=Rajkot&country=India,article.php,WEAK,0,1
https://jobrecruitment.in/article.php?role=Operations-Manager&state=Andhra-Pradesh&country=India,article.php,WEAK,0,1
https://jobrecruitment.in/article.php?role=PHP-Developer&state=Kerala&country=India,article.php,WEAK,0,1
https://jobrecruitment.in/article.php?role=Pharmacist&city=Surat&country=India,article.php,WEAK,0,1
https://jobrecruitment.in/article.php?role=Pharmacist&city=Thane&country=India,article.php,WEAK,0,1
https://jobrecruitment.in/article.php?role=Pharmacist&city=Vadodara&country=India,article.php,WEAK,0,1
https://jobrecruitment.in/article.php?role=Pharmacist&city=Vijayawada&country=India,article.php,WEAK,0,1
https://jobrecruitment.in/article.php?role=Pharmacist&state=Maharashtra&country=India,article.php,WEAK,0,1
https://jobrecruitment.in/article.php?role=Pharmacist&state=West-Bengal&country=India,article.php,WEAK,0,1
https://jobrecruitment.in/article.php?role=Project-Manager&city=Delhi&country=India,article.php,WEAK,0,1
https://jobrecruitment.in/article.php?role=Project-Manager&city=Pune&country=India,article.php,WEAK,0,1
https://jobrecruitment.in/article.php?role=Python-Developer&city=Ghaziabad&country=India,article.php,WEAK,0,1
https://jobrecruitment.in/article.php?role=Python-Developer&city=Jaipur&country=India,article.php,WEAK,0,1
https://jobrecruitment.in/article.php?role=Python-Developer&city=Meerut&country=India,article.php,WEAK,0,1
https://jobrecruitment.in/article.php?role=Python-Developer&city=Nashik&country=India,article.php,WEAK,0,1
https://jobrecruitment.in/article.php?role=Python-Developer&city=Raipur&country=India,article.php,WEAK,0,1
https://jobrecruitment.in/article.php?role=Python-Developer&city=Rajkot&country=India,article.php,WEAK,0,1
https://jobrecruitment.in/article.php?role=Python-Developer&city=Ranchi&country=India,article.php,WEAK,0,1
https://jobrecruitment.in/article.php?role=Python-Developer&city=Surat&country=India,article.php,WEAK,0,1
https://jobrecruitment.in/article.php?role=Python-Developer&city=Thane&country=India,article.php,WEAK,0,1
https://jobrecruitment.in/article.php?role=Python-Developer&city=Vadodara&country=India,article.php,WEAK,0,1
https://jobrecruitment.in/article.php?role=QA-Tester&city=Hyderabad&country=India,article.php,WEAK,0,1
https://jobrecruitment.in/article.php?role=QA-Tester&state=Haryana&country=India,article.php,WEAK,0,1
https://jobrecruitment.in/article.php?role=QA-Tester&state=Maharashtra&country=India,article.php,WEAK,0,1
https://jobrecruitment.in/article.php?role=Quality-Control&city=Hyderabad&country=India,article.php,WEAK,0,1
https://jobrecruitment.in/article.php?role=Quality-Control&city=Kota&country=India,article.php,WEAK,0,1
https://jobrecruitment.in/article.php?role=Quality-Control&city=Rajkot&country=India,article.php,WEAK,0,1
https://jobrecruitment.in/article.php?role=Quality-Control&city=Srinagar&country=India,article.php,WEAK,0,1
https://jobrecruitment.in/article.php?role=Quality-Control&city=Varanasi&country=India,article.php,WEAK,0,1
https://jobrecruitment.in/article.php?role=React-Developer&city=Hyderabad&country=India,article.php,WEAK,0,1
https://jobrecruitment.in/article.php?role=React-Developer&city=Jaipur&country=India,article.php,WEAK,0,1
https://jobrecruitment.in/article.php?role=React-Developer&city=Nashik&country=India,article.php,WEAK,0,1
https://jobrecruitment.in/article.php?role=Risk-Compliance-Analyst&city=Coimbatore&country=India,article.php,WEAK,0,1
https://jobrecruitment.in/article.php?role=SEO-Executive&city=Bengaluru&country=India,article.php,WEAK,0,1
https://jobrecruitment.in/article.php?role=SEO-Executive&city=Bhopal&country=India,article.php,WEAK,0,1
https://jobrecruitment.in/article.php?role=SEO-Executive&city=Delhi&country=India,article.php,WEAK,0,1
https://jobrecruitment.in/article.php?role=SEO-Executive&city=Madurai&country=India,article.php,WEAK,0,1
https://jobrecruitment.in/article.php?role=SEO-Executive&city=Mumbai&country=India,article.php,WEAK,0,1
https://jobrecruitment.in/article.php?role=SEO-Executive&city=Rajkot&country=India,article.php,WEAK,0,1
https://jobrecruitment.in/article.php?role=Safety-Officer&city=Bengaluru&country=India,article.php,WEAK,0,1
https://jobrecruitment.in/article.php?role=Safety-Officer&city=Faridabad&country=India,article.php,WEAK,0,1
https://jobrecruitment.in/article.php?role=Safety-Officer&city=Lucknow&country=India,article.php,WEAK,0,1
https://jobrecruitment.in/article.php?role=Safety-Officer&city=Rajkot&country=India,article.php,WEAK,0,1
https://jobrecruitment.in/article.php?role=Safety-Officer&city=Vasai-Virar&country=India,article.php,WEAK,0,1
https://jobrecruitment.in/article.php?role=Safety-Officer&city=Vijayawada&country=India,article.php,WEAK,0,1
https://jobrecruitment.in/article.php?role=Safety-Officer&city=Visakhapatnam&country=India,article.php,WEAK,0,1
https://jobrecruitment.in/article.php?role=Safety-Officer&state=Punjab&country=India,article.php,WEAK,0,1
https://jobrecruitment.in/article.php?role=Safety-Officer&state=Uttar-Pradesh&country=India,article.php,WEAK,0,1
https://jobrecruitment.in/article.php?role=Safety-Officer&state=West-Bengal&country=India,article.php,WEAK,0,1
https://jobrecruitment.in/article.php?role=Sales-Manager&city=Kolkata&country=India,article.php,WEAK,0,1
https://jobrecruitment.in/article.php?role=Software-Developer&city=Ahmedabad&country=India,article.php,WEAK,0,1
https://jobrecruitment.in/article.php?role=Software-Developer&city=Indore&country=India,article.php,WEAK,0,1
https://jobrecruitment.in/article.php?role=Software-Developer&city=Jabalpur&country=India,article.php,WEAK,0,1
https://jobrecruitment.in/article.php?role=Software-Developer&city=Nashik&country=India,article.php,WEAK,0,1
https://jobrecruitment.in/article.php?role=Software-Developer&country=India,article.php,WEAK,0,1
https://jobrecruitment.in/article.php?role=Staff-Nurse&city=Dhanbad&country=India,article.php,WEAK,0,1
https://jobrecruitment.in/article.php?role=Supply-Chain-Analyst&city=Mumbai&country=India,article.php,WEAK,0,1
https://jobrecruitment.in/article.php?role=Supply-Chain-Analyst&city=Pune&country=India,article.php,WEAK,0,1
https://jobrecruitment.in/article.php?role=Supply-Chain-Analyst&state=Haryana&country=India,article.php,WEAK,0,1
https://jobrecruitment.in/article.php?role=Supply-Chain-Analyst&state=Kerala&country=India,article.php,WEAK,0,1
https://jobrecruitment.in/article.php?role=Talent-Acquisition&city=Coimbatore&country=India,article.php,WEAK,0,1
https://jobrecruitment.in/article.php?role=Talent-Acquisition&state=Bihar&country=India,article.php,WEAK,0,1
https://jobrecruitment.in/article.php?role=Talent-Acquisition&state=Tamil-Nadu&country=India,article.php,WEAK,0,1
https://jobrecruitment.in/article.php?role=UI-UX-Designer&city=Amritsar&country=India,article.php,WEAK,0,1
https://jobrecruitment.in/article.php?role=UI-UX-Designer&city=Hyderabad&country=India,article.php,WEAK,0,1
https://jobrecruitment.in/article.php?role=UI-UX-Designer&state=Bihar&country=India,article.php,WEAK,0,1
https://jobrecruitment.in/article.php?role=Warehouse-Manager&city=Lucknow&country=India,article.php,WEAK,0,1
https://jobrecruitment.in/article.php?role=Warehouse-Manager&city=Vijayawada&country=India,article.php,WEAK,0,1
https://jobrecruitment.in/article.php?role=Warehouse-Manager&state=Bihar&country=India,article.php,WEAK,0,1
https://jobrecruitment.in/article.php?role=iOS-Developer&city=Chennai&country=India,article.php,WEAK,0,1
https://jobrecruitment.in/article.php?role=iOS-Developer&city=Vadodara&country=India,article.php,WEAK,0,1
https://jobrecruitment.in/article.php?role=iOS-Developer&country=India,article.php,WEAK,0,1
https://jobrecruitment.in/bank-clerk-job-in-indore.html,bank-clerk-job-in-indore,WEAK,0,1
https://jobrecruitment.in/bank-clerk-job-in-madhya-pradesh.html,bank-clerk-job-in-madhya-pradesh,WEAK,0,1
https://jobrecruitment.in/bank-clerk-job-in-telangana.html,bank-clerk-job-in-telangana,WEAK,0,1
https://jobrecruitment.in/bank-clerk-job-in-uttar-pradesh.html,bank-clerk-job-in-uttar-pradesh,WEAK,0,1
https://jobrecruitment.in/bfsi-recruitment-agency-in-allahabad.html,bfsi-recruitment-agency-in-allahabad,WEAK,0,1
https://jobrecruitment.in/bfsi-recruitment-agency-in-bangalore.html,bfsi-recruitment-agency-in-bangalore,WEAK,0,1
https://jobrecruitment.in/bfsi-recruitment-agency-in-coimbatore.html,bfsi-recruitment-agency-in-coimbatore,WEAK,0,1
https://jobrecruitment.in/bfsi-recruitment-agency-in-jodhpur.html,bfsi-recruitment-agency-in-jodhpur,WEAK,0,1
https://jobrecruitment.in/bfsi-recruitment-agency-in-kota.html,bfsi-recruitment-agency-in-kota,WEAK,0,1
https://jobrecruitment.in/bfsi-recruitment-agency-in-lucknow.html,bfsi-recruitment-agency-in-lucknow,WEAK,0,1
https://jobrecruitment.in/bfsi-recruitment-agency-in-nashik.html,bfsi-recruitment-agency-in-nashik,WEAK,0,1
https://jobrecruitment.in/bfsi-recruitment-agency-in-pune.html,bfsi-recruitment-agency-in-pune,WEAK,0,1
https://jobrecruitment.in/bfsi-recruitment-agency-in-srinagar.html,bfsi-recruitment-agency-in-srinagar,WEAK,0,1
https://jobrecruitment.in/bpo-telecaller-job-in-amritsar.html,bpo-telecaller-job-in-amritsar,WEAK,0,1
https://jobrecruitment.in/bpo-telecaller-job-in-guwahati.html,bpo-telecaller-job-in-guwahati,WEAK,0,1
https://jobrecruitment.in/bpo-telecaller-job-in-gwalior.html,bpo-telecaller-job-in-gwalior,WEAK,0,1
https://jobrecruitment.in/bpo-telecaller-job-in-india.html,bpo-telecaller-job-in-india,WEAK,0,1
https://jobrecruitment.in/bpo-telecaller-job-in-kanpur.html,bpo-telecaller-job-in-kanpur,WEAK,0,1
https://jobrecruitment.in/bpo-telecaller-job-in-madhya-pradesh.html,bpo-telecaller-job-in-madhya-pradesh,WEAK,0,1
https://jobrecruitment.in/bpo-telecaller-job-in-madurai.html,bpo-telecaller-job-in-madurai,WEAK,0,1
https://jobrecruitment.in/bpo-telecaller-job-in-navi-mumbai.html,bpo-telecaller-job-in-navi-mumbai,WEAK,0,1
https://jobrecruitment.in/bpo-telecaller-job-in-noida.html,bpo-telecaller-job-in-noida,WEAK,0,1
https://jobrecruitment.in/bpo-telecaller-job-in-raipur.html,bpo-telecaller-job-in-raipur,WEAK,0,1
https://jobrecruitment.in/bpo-telecaller-job-in-rajkot.html,bpo-telecaller-job-in-rajkot,WEAK,0,1
https://jobrecruitment.in/bpo-telecaller-job-in-surat.html,bpo-telecaller-job-in-surat,WEAK,0,1
https://jobrecruitment.in/business-development-executive-job-in-andhra-pradesh.html,business-development-executive-job-in-andhra-pradesh,WEAK,0,1
https://jobrecruitment.in/business-development-executive-job-in-hyderabad.html,business-development-executive-job-in-hyderabad,WEAK,0,1
https://jobrecruitment.in/business-development-executive-job-in-punjab.html,business-development-executive-job-in-punjab,WEAK,0,1
https://jobrecruitment.in/cashier-job-in-hyderabad.html,cashier-job-in-hyderabad,WEAK,0,1
https://jobrecruitment.in/cashier-job-in-kalyan-dombivli.html,cashier-job-in-kalyan-dombivli,WEAK,1,1
https://jobrecruitment.in/cashier-job-in-kota.html,cashier-job-in-kota,WEAK,0,1
https://jobrecruitment.in/cashier-job-in-madhya-pradesh.html,cashier-job-in-madhya-pradesh,WEAK,0,1
https://jobrecruitment.in/cashier-job-in-noida.html,cashier-job-in-noida,WEAK,0,1
https://jobrecruitment.in/cashier-job-in-srinagar.html,cashier-job-in-srinagar,WEAK,0,1
https://jobrecruitment.in/cashier-job-in-uttar-pradesh.html,cashier-job-in-uttar-pradesh,WEAK,0,1
https://jobrecruitment.in/cashier-job-in-vijayawada.html,cashier-job-in-vijayawada,WEAK,0,1
https://jobrecruitment.in/civil-engineer-job-in-dhanbad.html,civil-engineer-job-in-dhanbad,WEAK,0,1
https://jobrecruitment.in/civil-engineer-job-in-howrah.html,civil-engineer-job-in-howrah,WEAK,0,1
https://jobrecruitment.in/civil-engineer-job-in-ludhiana.html,civil-engineer-job-in-ludhiana,WEAK,0,1
https://jobrecruitment.in/civil-engineer-job-in-srinagar.html,civil-engineer-job-in-srinagar,WEAK,0,1
https://jobrecruitment.in/cloud-devops-engineer-job-in-ahmedabad.html,cloud-devops-engineer-job-in-ahmedabad,WEAK,0,1
https://jobrecruitment.in/cloud-devops-engineer-job-in-chandigarh.html,cloud-devops-engineer-job-in-chandigarh,WEAK,0,1
https://jobrecruitment.in/cloud-devops-engineer-job-in-gwalior.html,cloud-devops-engineer-job-in-gwalior,WEAK,0,1
https://jobrecruitment.in/cloud-devops-engineer-job-in-kalyan-dombivli.html,cloud-devops-engineer-job-in-kalyan-dombivli,WEAK,0,1
https://jobrecruitment.in/cloud-devops-engineer-job-in-ludhiana.html,cloud-devops-engineer-job-in-ludhiana,WEAK,0,1
https://jobrecruitment.in/cloud-devops-engineer-job-in-madurai.html,cloud-devops-engineer-job-in-madurai,WEAK,0,1
https://jobrecruitment.in/cloud-devops-engineer-job-in-meerut.html,cloud-devops-engineer-job-in-meerut,WEAK,0,1
https://jobrecruitment.in/cloud-devops-engineer-job-in-srinagar.html,cloud-devops-engineer-job-in-srinagar,WEAK,1,1
https://jobrecruitment.in/cloud-devops-engineer-job-in-vijayawada.html,cloud-devops-engineer-job-in-vijayawada,WEAK,0,1
https://jobrecruitment.in/content-writer-job-in-chandigarh.html,content-writer-job-in-chandigarh,WEAK,0,1
https://jobrecruitment.in/content-writer-job-in-coimbatore.html,content-writer-job-in-coimbatore,WEAK,0,1
https://jobrecruitment.in/content-writer-job-in-mumbai.html,content-writer-job-in-mumbai,WEAK,0,1
https://jobrecruitment.in/content-writer-job-in-patna.html,content-writer-job-in-patna,WEAK,0,1
https://jobrecruitment.in/content-writer-job-in-ranchi.html,content-writer-job-in-ranchi,WEAK,0,1
https://jobrecruitment.in/content-writer-job-in-surat.html,content-writer-job-in-surat,WEAK,0,1
https://jobrecruitment.in/content-writer-job-in-tamil-nadu.html,content-writer-job-in-tamil-nadu,WEAK,0,1
https://jobrecruitment.in/customer-support-executive-job-in-guwahati.html,customer-support-executive-job-in-guwahati,WEAK,0,1
https://jobrecruitment.in/customer-support-executive-job-in-india.html,customer-support-executive-job-in-india,WEAK,0,1
https://jobrecruitment.in/customer-support-executive-job-in-kerala.html,customer-support-executive-job-in-kerala,WEAK,0,1
https://jobrecruitment.in/customer-support-executive-job-in-noida.html,customer-support-executive-job-in-noida,WEAK,0,1
https://jobrecruitment.in/customer-support-executive-job-in-ranchi.html,customer-support-executive-job-in-ranchi,WEAK,0,1
https://jobrecruitment.in/cybersecurity-analyst-job-in-gujarat.html,cybersecurity-analyst-job-in-gujarat,WEAK,0,1
https://jobrecruitment.in/cybersecurity-analyst-job-in-meerut.html,cybersecurity-analyst-job-in-meerut,WEAK,0,1
https://jobrecruitment.in/cybersecurity-analyst-job-in-visakhapatnam.html,cybersecurity-analyst-job-in-visakhapatnam,WEAK,0,1
https://jobrecruitment.in/data-analyst-job-in-allahabad.html,data-analyst-job-in-allahabad,WEAK,0,1
https://jobrecruitment.in/data-analyst-job-in-amritsar.html,data-analyst-job-in-amritsar,WEAK,0,1
https://jobrecruitment.in/data-analyst-job-in-delhi.html,data-analyst-job-in-delhi,WEAK,0,1
https://jobrecruitment.in/data-analyst-job-in-dhanbad.html,data-analyst-job-in-dhanbad,WEAK,0,1
https://jobrecruitment.in/data-analyst-job-in-gurugram.html,data-analyst-job-in-gurugram,WEAK,0,1
https://jobrecruitment.in/data-analyst-job-in-haryana.html,data-analyst-job-in-haryana,WEAK,0,1
https://jobrecruitment.in/data-analyst-job-in-lucknow.html,data-analyst-job-in-lucknow,WEAK,0,1
https://jobrecruitment.in/data-analyst-job-in-madhya-pradesh.html,data-analyst-job-in-madhya-pradesh,WEAK,0,1
https://jobrecruitment.in/data-analyst-job-in-meerut.html,data-analyst-job-in-meerut,WEAK,0,1
https://jobrecruitment.in/data-analyst-job-in-mumbai.html,data-analyst-job-in-mumbai,WEAK,0,1
https://jobrecruitment.in/data-analyst-job-in-nagpur.html,data-analyst-job-in-nagpur,WEAK,0,1
https://jobrecruitment.in/data-analyst-job-in-pune.html,data-analyst-job-in-pune,WEAK,0,1
https://jobrecruitment.in/data-analyst-job-in-raipur.html,data-analyst-job-in-raipur,WEAK,0,1
https://jobrecruitment.in/data-analyst-job-in-ranchi.html,data-analyst-job-in-ranchi,WEAK,0,1
https://jobrecruitment.in/data-analyst-job-in-surat.html,data-analyst-job-in-surat,WEAK,0,1
https://jobrecruitment.in/data-analyst-job-in-visakhapatnam.html,data-analyst-job-in-visakhapatnam,WEAK,0,1
https://jobrecruitment.in/data-analyst-job-in-west-bengal.html,data-analyst-job-in-west-bengal,WEAK,0,1
https://jobrecruitment.in/delivery-partner-job-in-bihar.html,delivery-partner-job-in-bihar,WEAK,0,1
https://jobrecruitment.in/delivery-partner-job-in-chennai.html,delivery-partner-job-in-chennai,WEAK,0,1
https://jobrecruitment.in/delivery-partner-job-in-delhi.html,delivery-partner-job-in-delhi,WEAK,0,1
https://jobrecruitment.in/delivery-partner-job-in-jodhpur.html,delivery-partner-job-in-jodhpur,WEAK,0,1
https://jobrecruitment.in/delivery-partner-job-in-noida.html,delivery-partner-job-in-noida,WEAK,0,1
https://jobrecruitment.in/delivery-partner-job-in-patna.html,delivery-partner-job-in-patna,WEAK,0,1
https://jobrecruitment.in/delivery-partner-job-in-vijayawada.html,delivery-partner-job-in-vijayawada,WEAK,0,1
https://jobrecruitment.in/delivery-partner-job-in-visakhapatnam.html,delivery-partner-job-in-visakhapatnam,WEAK,0,1
https://jobrecruitment.in/digital-banking-job-in-aurangabad.html,digital-banking-job-in-aurangabad,WEAK,0,1
https://jobrecruitment.in/digital-banking-job-in-india.html,digital-banking-job-in-india,WEAK,0,1
https://jobrecruitment.in/digital-banking-job-in-kalyan-dombivli.html,digital-banking-job-in-kalyan-dombivli,WEAK,0,1
https://jobrecruitment.in/digital-banking-job-in-lucknow.html,digital-banking-job-in-lucknow,WEAK,0,1
https://jobrecruitment.in/digital-banking-job-in-ludhiana.html,digital-banking-job-in-ludhiana,WEAK,0,1
https://jobrecruitment.in/digital-banking-job-in-maharashtra.html,digital-banking-job-in-maharashtra,WEAK,0,1
https://jobrecruitment.in/digital-banking-job-in-pimpri-chinchwad.html,digital-banking-job-in-pimpri-chinchwad,WEAK,0,1
https://jobrecruitment.in/digital-banking-job-in-ranchi.html,digital-banking-job-in-ranchi,WEAK,0,1
https://jobrecruitment.in/digital-banking-job-in-vadodara.html,digital-banking-job-in-vadodara,WEAK,0,1
https://jobrecruitment.in/digital-marketing-job-in-jabalpur.html,digital-marketing-job-in-jabalpur,WEAK,0,1
https://jobrecruitment.in/digital-marketing-job-in-surat.html,digital-marketing-job-in-surat,WEAK,0,1
https://jobrecruitment.in/disclaimer/,disclaimer,WEAK,0,1
https://jobrecruitment.in/education-recruitment-agency-in-delhi.html,education-recruitment-agency-in-delhi,WEAK,0,1
https://jobrecruitment.in/education-recruitment-agency-in-dhanbad.html,education-recruitment-agency-in-dhanbad,WEAK,1,1
https://jobrecruitment.in/education-recruitment-agency-in-madurai.html,education-recruitment-agency-in-madurai,WEAK,0,1
https://jobrecruitment.in/education-recruitment-agency-in-meerut.html,education-recruitment-agency-in-meerut,WEAK,1,1
https://jobrecruitment.in/education-recruitment-agency-in-mumbai.html,education-recruitment-agency-in-mumbai,WEAK,0,1
https://jobrecruitment.in/education-recruitment-agency-in-raipur.html,education-recruitment-agency-in-raipur,WEAK,0,1
https://jobrecruitment.in/education-recruitment-agency-in-ranchi.html,education-recruitment-agency-in-ranchi,WEAK,0,1
https://jobrecruitment.in/education-recruitment-agency-in-surat.html,education-recruitment-agency-in-surat,WEAK,0,1
https://jobrecruitment.in/education-recruitment-agency-in-vadodara.html,education-recruitment-agency-in-vadodara,WEAK,0,1
https://jobrecruitment.in/education-recruitment-agency-in-varanasi.html,education-recruitment-agency-in-varanasi,WEAK,0,1
https://jobrecruitment.in/electrical-engineer-job-in-agra.html,electrical-engineer-job-in-agra,WEAK,0,1
https://jobrecruitment.in/electrical-engineer-job-in-amritsar.html,electrical-engineer-job-in-amritsar,WEAK,0,1
https://jobrecruitment.in/electrical-engineer-job-in-bhopal.html,electrical-engineer-job-in-bhopal,WEAK,0,1
https://jobrecruitment.in/electrical-engineer-job-in-ghaziabad.html,electrical-engineer-job-in-ghaziabad,WEAK,0,1
https://jobrecruitment.in/electrical-engineer-job-in-gujarat.html,electrical-engineer-job-in-gujarat,WEAK,0,1
https://jobrecruitment.in/electrical-engineer-job-in-indore.html,electrical-engineer-job-in-indore,WEAK,0,1
https://jobrecruitment.in/electrical-engineer-job-in-jabalpur.html,electrical-engineer-job-in-jabalpur,WEAK,0,1
https://jobrecruitment.in/electrical-engineer-job-in-kerala.html,electrical-engineer-job-in-kerala,WEAK,0,1
https://jobrecruitment.in/electrical-engineer-job-in-ludhiana.html,electrical-engineer-job-in-ludhiana,WEAK,0,1
https://jobrecruitment.in/electrical-engineer-job-in-madhya-pradesh.html,electrical-engineer-job-in-madhya-pradesh,WEAK,0,1
https://jobrecruitment.in/electrical-engineer-job-in-rajkot.html,electrical-engineer-job-in-rajkot,WEAK,0,1
https://jobrecruitment.in/electrical-engineer-job-in-srinagar.html,electrical-engineer-job-in-srinagar,WEAK,0,1
https://jobrecruitment.in/engineering-recruitment-agency-in-ahmedabad.html,engineering-recruitment-agency-in-ahmedabad,WEAK,0,1
https://jobrecruitment.in/engineering-recruitment-agency-in-bangalore.html,engineering-recruitment-agency-in-bangalore,WEAK,0,1
https://jobrecruitment.in/engineering-recruitment-agency-in-faridabad.html,engineering-recruitment-agency-in-faridabad,WEAK,0,1
https://jobrecruitment.in/engineering-recruitment-agency-in-guwahati.html,engineering-recruitment-agency-in-guwahati,WEAK,0,1
https://jobrecruitment.in/engineering-recruitment-agency-in-howrah.html,engineering-recruitment-agency-in-howrah,WEAK,0,1
https://jobrecruitment.in/engineering-recruitment-agency-in-jabalpur.html,engineering-recruitment-agency-in-jabalpur,WEAK,0,1
https://jobrecruitment.in/engineering-recruitment-agency-in-kanpur.html,engineering-recruitment-agency-in-kanpur,WEAK,0,1
https://jobrecruitment.in/engineering-recruitment-agency-in-kolkata.html,engineering-recruitment-agency-in-kolkata,WEAK,0,1
https://jobrecruitment.in/engineering-recruitment-agency-in-mumbai.html,engineering-recruitment-agency-in-mumbai,WEAK,0,1
https://jobrecruitment.in/engineering-recruitment-agency-in-varanasi.html,engineering-recruitment-agency-in-varanasi,WEAK,0,1
https://jobrecruitment.in/financial-analyst-job-in-andhra-pradesh.html,financial-analyst-job-in-andhra-pradesh,WEAK,0,1
https://jobrecruitment.in/financial-analyst-job-in-bengaluru.html,financial-analyst-job-in-bengaluru,WEAK,0,1
https://jobrecruitment.in/financial-analyst-job-in-bihar.html,financial-analyst-job-in-bihar,WEAK,0,1
https://jobrecruitment.in/financial-analyst-job-in-hyderabad.html,financial-analyst-job-in-hyderabad,WEAK,0,1
https://jobrecruitment.in/financial-analyst-job-in-kerala.html,financial-analyst-job-in-kerala,WEAK,0,1
https://jobrecruitment.in/financial-analyst-job-in-lucknow.html,financial-analyst-job-in-lucknow,WEAK,0,1
https://jobrecruitment.in/financial-analyst-job-in-noida.html,financial-analyst-job-in-noida,WEAK,0,1
https://jobrecruitment.in/financial-analyst-job-in-raipur.html,financial-analyst-job-in-raipur,WEAK,0,1
https://jobrecruitment.in/financial-analyst-job-in-vadodara.html,financial-analyst-job-in-vadodara,WEAK,0,1
https://jobrecruitment.in/fintech-developer-job-in-bengaluru.html,fintech-developer-job-in-bengaluru,WEAK,0,1
https://jobrecruitment.in/fintech-developer-job-in-kolkata.html,fintech-developer-job-in-kolkata,WEAK,0,1
https://jobrecruitment.in/fintech-developer-job-in-ludhiana.html,fintech-developer-job-in-ludhiana,WEAK,0,1
https://jobrecruitment.in/fintech-developer-job-in-punjab.html,fintech-developer-job-in-punjab,WEAK,0,1
https://jobrecruitment.in/fintech-developer-job-in-rajkot.html,fintech-developer-job-in-rajkot,WEAK,0,1
https://jobrecruitment.in/fintech-developer-job-in-ranchi.html,fintech-developer-job-in-ranchi,WEAK,0,1
https://jobrecruitment.in/fintech-developer-job-in-srinagar.html,fintech-developer-job-in-srinagar,WEAK,0,1
https://jobrecruitment.in/fintech-developer-job-in-tamil-nadu.html,fintech-developer-job-in-tamil-nadu,WEAK,0,1
https://jobrecruitment.in/fintech-developer-job-in-vijayawada.html,fintech-developer-job-in-vijayawada,WEAK,0,1
https://jobrecruitment.in/fmcg-recruitment-agency-in-ahmedabad.html,fmcg-recruitment-agency-in-ahmedabad,WEAK,0,1
https://jobrecruitment.in/fmcg-recruitment-agency-in-delhi.html,fmcg-recruitment-agency-in-delhi,WEAK,0,1
https://jobrecruitment.in/fmcg-recruitment-agency-in-dhanbad.html,fmcg-recruitment-agency-in-dhanbad,WEAK,1,1
https://jobrecruitment.in/fmcg-recruitment-agency-in-hubli-dharwad.html,fmcg-recruitment-agency-in-hubli-dharwad,WEAK,0,1
https://jobrecruitment.in/fmcg-recruitment-agency-in-hyderabad.html,fmcg-recruitment-agency-in-hyderabad,WEAK,0,1
https://jobrecruitment.in/fmcg-recruitment-agency-in-kanpur.html,fmcg-recruitment-agency-in-kanpur,WEAK,0,1
https://jobrecruitment.in/fmcg-recruitment-agency-in-madurai.html,fmcg-recruitment-agency-in-madurai,WEAK,0,1
https://jobrecruitment.in/fmcg-recruitment-agency-in-rajkot.html,fmcg-recruitment-agency-in-rajkot,WEAK,0,1
https://jobrecruitment.in/fmcg-recruitment-agency-in-solapur.html,fmcg-recruitment-agency-in-solapur,WEAK,0,1
https://jobrecruitment.in/fmcg-recruitment-agency-in-thane.html,fmcg-recruitment-agency-in-thane,WEAK,0,1
https://jobrecruitment.in/full-stack-engineer-job-in-gujarat.html,full-stack-engineer-job-in-gujarat,WEAK,0,1
https://jobrecruitment.in/full-stack-engineer-job-in-noida.html,full-stack-engineer-job-in-noida,WEAK,0,1
https://jobrecruitment.in/full-stack-engineer-job-in-pimpri-chinchwad.html,full-stack-engineer-job-in-pimpri-chinchwad,WEAK,0,1
https://jobrecruitment.in/full-stack-engineer-job-in-raipur.html,full-stack-engineer-job-in-raipur,WEAK,0,1
https://jobrecruitment.in/graphic-designer-job-in-chennai.html,graphic-designer-job-in-chennai,WEAK,0,1
https://jobrecruitment.in/graphic-designer-job-in-coimbatore.html,graphic-designer-job-in-coimbatore,WEAK,0,1
https://jobrecruitment.in/graphic-designer-job-in-gurugram.html,graphic-designer-job-in-gurugram,WEAK,0,1
https://jobrecruitment.in/graphic-designer-job-in-guwahati.html,graphic-designer-job-in-guwahati,WEAK,0,1
https://jobrecruitment.in/graphic-designer-job-in-hyderabad.html,graphic-designer-job-in-hyderabad,WEAK,0,1
https://jobrecruitment.in/graphic-designer-job-in-india.html,graphic-designer-job-in-india,WEAK,1,1
https://jobrecruitment.in/graphic-designer-job-in-jaipur.html,graphic-designer-job-in-jaipur,WEAK,0,1
https://jobrecruitment.in/graphic-designer-job-in-jodhpur.html,graphic-designer-job-in-jodhpur,WEAK,0,1
https://jobrecruitment.in/graphic-designer-job-in-kalyan-dombivli.html,graphic-designer-job-in-kalyan-dombivli,WEAK,0,1
https://jobrecruitment.in/graphic-designer-job-in-madhya-pradesh.html,graphic-designer-job-in-madhya-pradesh,WEAK,0,1
https://jobrecruitment.in/graphic-designer-job-in-nashik.html,graphic-designer-job-in-nashik,WEAK,0,1
https://jobrecruitment.in/graphic-designer-job-in-noida.html,graphic-designer-job-in-noida,WEAK,0,1
https://jobrecruitment.in/graphic-designer-job-in-pimpri-chinchwad.html,graphic-designer-job-in-pimpri-chinchwad,WEAK,0,1
https://jobrecruitment.in/graphic-designer-job-in-vadodara.html,graphic-designer-job-in-vadodara,WEAK,0,1
https://jobrecruitment.in/healthcare-recruitment-agency-in-ahmedabad.html,healthcare-recruitment-agency-in-ahmedabad,WEAK,0,1
https://jobrecruitment.in/healthcare-recruitment-agency-in-allahabad.html,healthcare-recruitment-agency-in-allahabad,WEAK,0,1
https://jobrecruitment.in/healthcare-recruitment-agency-in-aurangabad.html,healthcare-recruitment-agency-in-aurangabad,WEAK,0,1
https://jobrecruitment.in/healthcare-recruitment-agency-in-chennai.html,healthcare-recruitment-agency-in-chennai,WEAK,0,1
https://jobrecruitment.in/healthcare-recruitment-agency-in-coimbatore.html,healthcare-recruitment-agency-in-coimbatore,WEAK,0,1
https://jobrecruitment.in/healthcare-recruitment-agency-in-guwahati.html,healthcare-recruitment-agency-in-guwahati,WEAK,0,1
https://jobrecruitment.in/healthcare-recruitment-agency-in-howrah.html,healthcare-recruitment-agency-in-howrah,WEAK,0,1
https://jobrecruitment.in/healthcare-recruitment-agency-in-jabalpur.html,healthcare-recruitment-agency-in-jabalpur,WEAK,0,1
https://jobrecruitment.in/healthcare-recruitment-agency-in-kota.html,healthcare-recruitment-agency-in-kota,WEAK,0,1
https://jobrecruitment.in/healthcare-recruitment-agency-in-lucknow.html,healthcare-recruitment-agency-in-lucknow,WEAK,0,1
https://jobrecruitment.in/healthcare-recruitment-agency-in-madurai.html,healthcare-recruitment-agency-in-madurai,WEAK,0,1
https://jobrecruitment.in/healthcare-recruitment-agency-in-navi-mumbai.html,healthcare-recruitment-agency-in-navi-mumbai,WEAK,0,1
https://jobrecruitment.in/healthcare-recruitment-agency-in-solapur.html,healthcare-recruitment-agency-in-solapur,WEAK,0,1
https://jobrecruitment.in/healthcare-recruitment-agency-in-vijayawada.html,healthcare-recruitment-agency-in-vijayawada,WEAK,0,1
https://jobrecruitment.in/hr-manager-job-in-andhra-pradesh.html,hr-manager-job-in-andhra-pradesh,WEAK,0,1
https://jobrecruitment.in/hr-manager-job-in-bhopal.html,hr-manager-job-in-bhopal,WEAK,0,1
https://jobrecruitment.in/hr-manager-job-in-dhanbad.html,hr-manager-job-in-dhanbad,WEAK,0,1
https://jobrecruitment.in/hr-manager-job-in-hyderabad.html,hr-manager-job-in-hyderabad,WEAK,0,1
https://jobrecruitment.in/hr-manager-job-in-jabalpur.html,hr-manager-job-in-jabalpur,WEAK,0,1
https://jobrecruitment.in/hr-manager-job-in-jaipur.html,hr-manager-job-in-jaipur,WEAK,0,1
https://jobrecruitment.in/hr-manager-job-in-madurai.html,hr-manager-job-in-madurai,WEAK,0,1
https://jobrecruitment.in/hr-manager-job-in-pune.html,hr-manager-job-in-pune,WEAK,0,1
https://jobrecruitment.in/hr-manager-job-in-punjab.html,hr-manager-job-in-punjab,WEAK,0,1
https://jobrecruitment.in/hr-manager-job-in-uttar-pradesh.html,hr-manager-job-in-uttar-pradesh,WEAK,0,1
https://jobrecruitment.in/inventory-control-job-in-allahabad.html,inventory-control-job-in-allahabad,WEAK,0,1
https://jobrecruitment.in/inventory-control-job-in-gwalior.html,inventory-control-job-in-gwalior,WEAK,0,1
https://jobrecruitment.in/inventory-control-job-in-pune.html,inventory-control-job-in-pune,WEAK,0,1
https://jobrecruitment.in/inventory-control-job-in-uttar-pradesh.html,inventory-control-job-in-uttar-pradesh,WEAK,0,1
https://jobrecruitment.in/ios-developer-job-in-bhopal.html,ios-developer-job-in-bhopal,WEAK,0,1
https://jobrecruitment.in/ios-developer-job-in-gujarat.html,ios-developer-job-in-gujarat,WEAK,0,1
https://jobrecruitment.in/ios-developer-job-in-nashik.html,ios-developer-job-in-nashik,WEAK,0,1
https://jobrecruitment.in/ios-developer-job-in-noida.html,ios-developer-job-in-noida,WEAK,0,1
https://jobrecruitment.in/ios-developer-job-in-telangana.html,ios-developer-job-in-telangana,WEAK,0,1
https://jobrecruitment.in/ios-developer-job-in-vadodara.html,ios-developer-job-in-vadodara,WEAK,0,1
https://jobrecruitment.in/it-recruitment-agency-in-dhanbad.html,it-recruitment-agency-in-dhanbad,WEAK,0,1
https://jobrecruitment.in/it-recruitment-agency-in-howrah.html,it-recruitment-agency-in-howrah,WEAK,0,1
https://jobrecruitment.in/it-recruitment-agency-in-jabalpur.html,it-recruitment-agency-in-jabalpur,WEAK,0,1
https://jobrecruitment.in/it-recruitment-agency-in-kanpur.html,it-recruitment-agency-in-kanpur,WEAK,0,1
https://jobrecruitment.in/it-recruitment-agency-in-kota.html,it-recruitment-agency-in-kota,WEAK,0,1
https://jobrecruitment.in/it-recruitment-agency-in-pune.html,it-recruitment-agency-in-pune,WEAK,0,1
https://jobrecruitment.in/java-developer-job-in-chandigarh.html,java-developer-job-in-chandigarh,WEAK,0,1
https://jobrecruitment.in/java-developer-job-in-hyderabad.html,java-developer-job-in-hyderabad,WEAK,0,1
https://jobrecruitment.in/java-developer-job-in-india.html,java-developer-job-in-india,WEAK,0,1
https://jobrecruitment.in/java-developer-job-in-indore.html,java-developer-job-in-indore,WEAK,0,1
https://jobrecruitment.in/java-developer-job-in-madhya-pradesh.html,java-developer-job-in-madhya-pradesh,WEAK,0,1
https://jobrecruitment.in/java-developer-job-in-uttar-pradesh.html,java-developer-job-in-uttar-pradesh,WEAK,0,1
https://jobrecruitment.in/job-consultancy-template.php?city=Jabalpur&industry=FMCG,job-consultancy-template.php,WEAK,1,1
https://jobrecruitment.in/job-consultancy-template.php?city=Jabalpur&industry=Retail,job-consultancy-template.php,WEAK,1,1
https://jobrecruitment.in/job-consultancy-template.php?city=Kanpur&industry=Logistics,job-consultancy-template.php,WEAK,1,1
https://jobrecruitment.in/job-consultancy-template.php?city=Ahmedabad&industry=FMCG,job-consultancy-template.php,WEAK,0,1
https://jobrecruitment.in/job-consultancy-template.php?city=Amritsar&industry=IT,job-consultancy-template.php,WEAK,0,1
https://jobrecruitment.in/job-consultancy-template.php?city=Amritsar&industry=Manufacturing,job-consultancy-template.php,WEAK,0,1
https://jobrecruitment.in/job-consultancy-template.php?city=Amritsar&industry=Real+Estate,job-consultancy-template.php,WEAK,0,1
https://jobrecruitment.in/job-consultancy-template.php?city=Aurangabad&industry=Retail,job-consultancy-template.php,WEAK,0,1
https://jobrecruitment.in/job-consultancy-template.php?city=Bhopal&industry=Education,job-consultancy-template.php,WEAK,0,1
https://jobrecruitment.in/job-consultancy-template.php?city=Chennai&industry=Education,job-consultancy-template.php,WEAK,0,1
https://jobrecruitment.in/job-consultancy-template.php?city=Chennai&industry=Healthcare,job-consultancy-template.php,WEAK,0,1
https://jobrecruitment.in/job-consultancy-template.php?city=Chennai&industry=Real+Estate,job-consultancy-template.php,WEAK,0,1
https://jobrecruitment.in/job-consultancy-template.php?city=Delhi&industry=FMCG,job-consultancy-template.php,WEAK,0,1
https://jobrecruitment.in/job-consultancy-template.php?city=Dhanbad&industry=BFSI,job-consultancy-template.php,WEAK,0,1
https://jobrecruitment.in/job-consultancy-template.php?city=Dhanbad&industry=Manufacturing,job-consultancy-template.php,WEAK,0,1
https://jobrecruitment.in/job-consultancy-template.php?city=Dhanbad&industry=Real+Estate,job-consultancy-template.php,WEAK,0,1
https://jobrecruitment.in/job-consultancy-template.php?city=Gwalior&industry=Logistics,job-consultancy-template.php,WEAK,0,1
https://jobrecruitment.in/job-consultancy-template.php?city=Gwalior&industry=Retail,job-consultancy-template.php,WEAK,0,1
https://jobrecruitment.in/job-consultancy-template.php?city=Hubli-Dharwad&industry=IT,job-consultancy-template.php,WEAK,0,1
https://jobrecruitment.in/job-consultancy-template.php?city=Indore&industry=Engineering,job-consultancy-template.php,WEAK,0,1
https://jobrecruitment.in/job-consultancy-template.php?city=Indore&industry=Logistics,job-consultancy-template.php,WEAK,0,1
https://jobrecruitment.in/job-consultancy-template.php?city=Jaipur&industry=Real+Estate,job-consultancy-template.php,WEAK,0,1
https://jobrecruitment.in/job-consultancy-template.php?city=Kanpur&industry=Education,job-consultancy-template.php,WEAK,0,1
https://jobrecruitment.in/job-consultancy-template.php?city=Kolkata&industry=Real+Estate,job-consultancy-template.php,WEAK,0,1
https://jobrecruitment.in/job-consultancy-template.php?city=Lucknow&industry=Healthcare,job-consultancy-template.php,WEAK,0,1
https://jobrecruitment.in/job-consultancy-template.php?city=Ludhiana&industry=Real+Estate,job-consultancy-template.php,WEAK,0,1
https://jobrecruitment.in/job-consultancy-template.php?city=Madurai&industry=Real+Estate,job-consultancy-template.php,WEAK,0,1
https://jobrecruitment.in/job-consultancy-template.php?city=Meerut&industry=FMCG,job-consultancy-template.php,WEAK,0,1
https://jobrecruitment.in/job-consultancy-template.php?city=Mumbai&industry=Education,job-consultancy-template.php,WEAK,0,1
https://jobrecruitment.in/job-consultancy-template.php?city=Nagpur&industry=Education,job-consultancy-template.php,WEAK,0,1
https://jobrecruitment.in/job-consultancy-template.php?city=Nashik&industry=Manufacturing,job-consultancy-template.php,WEAK,0,1
https://jobrecruitment.in/job-consultancy-template.php?city=Navi+Mumbai&industry=FMCG,job-consultancy-template.php,WEAK,0,1
https://jobrecruitment.in/job-consultancy-template.php?city=Navi+Mumbai&industry=Real+Estate,job-consultancy-template.php,WEAK,0,1
https://jobrecruitment.in/job-consultancy-template.php?city=Patna&industry=Healthcare,job-consultancy-template.php,WEAK,0,1
https://jobrecruitment.in/job-consultancy-template.php?city=Patna&industry=Manufacturing,job-consultancy-template.php,WEAK,0,1
https://jobrecruitment.in/job-consultancy-template.php?city=Patna&industry=Retail,job-consultancy-template.php,WEAK,0,1
https://jobrecruitment.in/job-consultancy-template.php?city=Pune&industry=FMCG,job-consultancy-template.php,WEAK,0,1
https://jobrecruitment.in/job-consultancy-template.php?city=Pune&industry=Real+Estate,job-consultancy-template.php,WEAK,0,1
https://jobrecruitment.in/job-consultancy-template.php?city=Raipur&industry=BFSI,job-consultancy-template.php,WEAK,0,1
https://jobrecruitment.in/job-consultancy-template.php?city=Raipur&industry=Manufacturing,job-consultancy-template.php,WEAK,0,1
https://jobrecruitment.in/job-consultancy-template.php?city=Rajkot&industry=Education,job-consultancy-template.php,WEAK,0,1
https://jobrecruitment.in/job-consultancy-template.php?city=Rajkot&industry=FMCG,job-consultancy-template.php,WEAK,0,1
https://jobrecruitment.in/job-consultancy-template.php?city=Rajkot&industry=IT,job-consultancy-template.php,WEAK,0,1
https://jobrecruitment.in/job-consultancy-template.php?city=Rajkot&industry=Manufacturing,job-consultancy-template.php,WEAK,0,1
https://jobrecruitment.in/job-consultancy-template.php?city=Ranchi&industry=Education,job-consultancy-template.php,WEAK,0,1
https://jobrecruitment.in/job-consultancy-template.php?city=Ranchi&industry=Healthcare,job-consultancy-template.php,WEAK,0,1
https://jobrecruitment.in/job-consultancy-template.php?city=Srinagar&industry=Real+Estate,job-consultancy-template.php,WEAK,0,1
https://jobrecruitment.in/job-consultancy-template.php?city=Surat&industry=Healthcare,job-consultancy-template.php,WEAK,0,1
https://jobrecruitment.in/job-consultancy-template.php?city=Surat&industry=IT,job-consultancy-template.php,WEAK,0,1
https://jobrecruitment.in/job-consultancy-template.php?city=Thane&industry=IT,job-consultancy-template.php,WEAK,0,1
https://jobrecruitment.in/job-consultancy-template.php?city=Thane&industry=Logistics,job-consultancy-template.php,WEAK,0,1
https://jobrecruitment.in/job-consultancy-template.php?city=Vadodara&industry=FMCG,job-consultancy-template.php,WEAK,0,1
https://jobrecruitment.in/job-consultancy-template.php?city=Vadodara&industry=Healthcare,job-consultancy-template.php,WEAK,0,1
https://jobrecruitment.in/job-consultancy-template.php?city=Vasai-Virar&industry=Real+Estate,job-consultancy-template.php,WEAK,0,1
https://jobrecruitment.in/job-consultancy-template.php?city=Vijayawada&industry=FMCG,job-consultancy-template.php,WEAK,0,1
https://jobrecruitment.in/job-consultancy-template.php?city=Visakhapatnam&industry=IT,job-consultancy-template.php,WEAK,0,1
https://jobrecruitment.in/job.php?role=Civil-Engineer&city=Rajkot&country=India,job.php,WEAK,1,1
https://jobrecruitment.in/job.php?role=Cybersecurity-Analyst&city=Guwahati&country=India,job.php,WEAK,1,1
https://jobrecruitment.in/job.php?role=Logistics-Coordinator&city=Vasai-Virar&country=India,job.php,WEAK,1,1
https://jobrecruitment.in/job.php?role=NodeJS-Developer&city=Raipur&country=India,job.php,WEAK,1,1
https://jobrecruitment.in/job.php?role=Pharmacist&city=Faridabad&country=India,job.php,WEAK,1,1
https://jobrecruitment.in/job.php?role=Staff-Nurse&city=Varanasi&country=India,job.php,WEAK,1,1
https://jobrecruitment.in/job.php?role=AI-Researcher&city=Navi-Mumbai&country=India,job.php,WEAK,0,1
https://jobrecruitment.in/job.php?role=AI-Researcher&city=Pune&country=India,job.php,WEAK,0,1
https://jobrecruitment.in/job.php?role=AI-Researcher&city=Vijayawada&country=India,job.php,WEAK,0,1
https://jobrecruitment.in/job.php?role=AI-Researcher&state=Maharashtra&country=India,job.php,WEAK,0,1
https://jobrecruitment.in/job.php?role=AI-Researcher&state=Punjab&country=India,job.php,WEAK,0,1
https://jobrecruitment.in/job.php?role=Accountant&city=Allahabad&country=India,job.php,WEAK,0,1
https://jobrecruitment.in/job.php?role=Accountant&city=Surat&country=India,job.php,WEAK,0,1
https://jobrecruitment.in/job.php?role=Admin-Executive&city=Ahmedabad&country=India,job.php,WEAK,0,1
https://jobrecruitment.in/job.php?role=Admin-Executive&city=Chandigarh&country=India,job.php,WEAK,0,1
https://jobrecruitment.in/job.php?role=Admin-Executive&city=Chennai&country=India,job.php,WEAK,0,1
https://jobrecruitment.in/job.php?role=Admin-Executive&city=Faridabad&country=India,job.php,WEAK,0,1
https://jobrecruitment.in/job.php?role=Admin-Executive&city=Ghaziabad&country=India,job.php,WEAK,0,1
https://jobrecruitment.in/job.php?role=Admin-Executive&city=Guwahati&country=India,job.php,WEAK,0,1
https://jobrecruitment.in/job.php?role=Admin-Executive&city=Indore&country=India,job.php,WEAK,0,1
https://jobrecruitment.in/job.php?role=Admin-Executive&city=Jaipur&country=India,job.php,WEAK,0,1
https://jobrecruitment.in/job.php?role=Admin-Executive&city=Kanpur&country=India,job.php,WEAK,0,1
https://jobrecruitment.in/job.php?role=Admin-Executive&city=Madurai&country=India,job.php,WEAK,0,1
https://jobrecruitment.in/job.php?role=Admin-Executive&city=Nashik&country=India,job.php,WEAK,0,1
https://jobrecruitment.in/job.php?role=Admin-Executive&city=Noida&country=India,job.php,WEAK,0,1
https://jobrecruitment.in/job.php?role=Admin-Executive&city=Ranchi&country=India,job.php,WEAK,0,1
https://jobrecruitment.in/job.php?role=Admin-Executive&city=Vijayawada&country=India,job.php,WEAK,0,1
https://jobrecruitment.in/job.php?role=Admin-Executive&state=Bihar&country=India,job.php,WEAK,0,1
https://jobrecruitment.in/job.php?role=Admin-Executive&state=Gujarat&country=India,job.php,WEAK,0,1
https://jobrecruitment.in/job.php?role=Admin-Executive&state=Telangana&country=India,job.php,WEAK,0,1
https://jobrecruitment.in/job.php?role=Admin-Executive&state=Uttar-Pradesh&country=India,job.php,WEAK,0,1
https://jobrecruitment.in/job.php?role=Android-Developer&city=Ahmedabad&country=India,job.php,WEAK,0,1
https://jobrecruitment.in/job.php?role=Android-Developer&city=Bhopal&country=India,job.php,WEAK,0,1
https://jobrecruitment.in/job.php?role=Android-Developer&city=Gwalior&country=India,job.php,WEAK,0,1
https://jobrecruitment.in/job.php?role=Android-Developer&city=Noida&country=India,job.php,WEAK,0,1
https://jobrecruitment.in/job.php?role=Android-Developer&city=Ranchi&country=India,job.php,WEAK,0,1
https://jobrecruitment.in/job.php?role=Android-Developer&city=Surat&country=India,job.php,WEAK,0,1
https://jobrecruitment.in/job.php?role=Android-Developer&state=Haryana&country=India,job.php,WEAK,0,1
https://jobrecruitment.in/job.php?role=Android-Developer&state=Madhya-Pradesh&country=India,job.php,WEAK,0,1
https://jobrecruitment.in/job.php?role=Android-Developer&state=Telangana&country=India,job.php,WEAK,0,1
https://jobrecruitment.in/job.php?role=BPO-Telecaller&city=Bhopal&country=India,job.php,WEAK,0,1
https://jobrecruitment.in/job.php?role=BPO-Telecaller&city=Guwahati&country=India,job.php,WEAK,0,1
https://jobrecruitment.in/job.php?role=BPO-Telecaller&city=Indore&country=India,job.php,WEAK,0,1
https://jobrecruitment.in/job.php?role=BPO-Telecaller&city=Jabalpur&country=India,job.php,WEAK,0,1
https://jobrecruitment.in/job.php?role=BPO-Telecaller&city=Nashik&country=India,job.php,WEAK,0,1
https://jobrecruitment.in/job.php?role=BPO-Telecaller&city=Rajkot&country=India,job.php,WEAK,0,1
https://jobrecruitment.in/job.php?role=BPO-Telecaller&state=Haryana&country=India,job.php,WEAK,0,1
https://jobrecruitment.in/job.php?role=BPO-Telecaller&state=Kerala&country=India,job.php,WEAK,0,1
https://jobrecruitment.in/job.php?role=Bank-Clerk&city=Bhopal&country=India,job.php,WEAK,0,1
https://jobrecruitment.in/job.php?role=Bank-Clerk&city=Ghaziabad&country=India,job.php,WEAK,0,1
https://jobrecruitment.in/job.php?role=Bank-Clerk&city=Guwahati&country=India,job.php,WEAK,0,1
https://jobrecruitment.in/job.php?role=Bank-Clerk&city=Howrah&country=India,job.php,WEAK,0,1
https://jobrecruitment.in/job.php?role=Bank-Clerk&city=Indore&country=India,job.php,WEAK,0,1
https://jobrecruitment.in/job.php?role=Bank-Clerk&city=Lucknow&country=India,job.php,WEAK,0,1
https://jobrecruitment.in/job.php?role=Bank-Clerk&city=Nashik&country=India,job.php,WEAK,0,1
https://jobrecruitment.in/job.php?role=Bank-Clerk&city=Noida&country=India,job.php,WEAK,0,1
https://jobrecruitment.in/job.php?role=Bank-Clerk&city=Rajkot&country=India,job.php,WEAK,0,1
https://jobrecruitment.in/job.php?role=Bank-Clerk&city=Ranchi&country=India,job.php,WEAK,0,1
https://jobrecruitment.in/job.php?role=Bank-Clerk&city=Surat&country=India,job.php,WEAK,0,1
https://jobrecruitment.in/job.php?role=Bank-Clerk&state=Rajasthan&country=India,job.php,WEAK,0,1
https://jobrecruitment.in/job.php?role=Bank-Clerk&state=Uttar-Pradesh&country=India,job.php,WEAK,0,1
https://jobrecruitment.in/job.php?role=Business-Development-Executive&city=Agra&country=India,job.php,WEAK,0,1
https://jobrecruitment.in/job.php?role=Business-Development-Executive&city=Chandigarh&country=India,job.php,WEAK,0,1
https://jobrecruitment.in/job.php?role=Business-Development-Executive&city=Lucknow&country=India,job.php,WEAK,0,1
https://jobrecruitment.in/job.php?role=Business-Development-Executive&city=Meerut&country=India,job.php,WEAK,0,1
https://jobrecruitment.in/job.php?role=Business-Development-Executive&city=Patna&country=India,job.php,WEAK,0,1
https://jobrecruitment.in/job.php?role=Business-Development-Executive&city=Pune&country=India,job.php,WEAK,0,1
https://jobrecruitment.in/job.php?role=Business-Development-Executive&state=Andhra-Pradesh&country=India,job.php,WEAK,0,1
https://jobrecruitment.in/job.php?role=Business-Development-Executive&state=Kerala&country=India,job.php,WEAK,0,1
https://jobrecruitment.in/job.php?role=Cashier&city=Agra&country=India,job.php,WEAK,0,1
https://jobrecruitment.in/job.php?role=Cashier&city=Ahmedabad&country=India,job.php,WEAK,0,1
https://jobrecruitment.in/job.php?role=Cashier&city=Chandigarh&country=India,job.php,WEAK,0,1
https://jobrecruitment.in/job.php?role=Cashier&city=Jaipur&country=India,job.php,WEAK,0,1
https://jobrecruitment.in/job.php?role=Cashier&city=Jodhpur&country=India,job.php,WEAK,0,1
https://jobrecruitment.in/job.php?role=Cashier&city=Kota&country=India,job.php,WEAK,0,1
https://jobrecruitment.in/job.php?role=Cashier&city=Rajkot&country=India,job.php,WEAK,0,1
https://jobrecruitment.in/job.php?role=Cashier&city=Thane&country=India,job.php,WEAK,0,1
https://jobrecruitment.in/job.php?role=Cashier&city=Vadodara&country=India,job.php,WEAK,0,1
https://jobrecruitment.in/job.php?role=Civil-Engineer&city=Bengaluru&country=India,job.php,WEAK,0,1
https://jobrecruitment.in/job.php?role=Civil-Engineer&city=Jaipur&country=India,job.php,WEAK,0,1
https://jobrecruitment.in/job.php?role=Civil-Engineer&city=Jodhpur&country=India,job.php,WEAK,0,1
https://jobrecruitment.in/job.php?role=Civil-Engineer&city=Ludhiana&country=India,job.php,WEAK,0,1
https://jobrecruitment.in/job.php?role=Civil-Engineer&city=Meerut&country=India,job.php,WEAK,0,1
https://jobrecruitment.in/job.php?role=Civil-Engineer&city=Ranchi&country=India,job.php,WEAK,0,1
https://jobrecruitment.in/job.php?role=Civil-Engineer&city=Srinagar&country=India,job.php,WEAK,0,1
https://jobrecruitment.in/job.php?role=Civil-Engineer&state=West-Bengal&country=India,job.php,WEAK,0,1
https://jobrecruitment.in/job.php?role=Cloud-DevOps-Engineer&city=Bengaluru&country=India,job.php,WEAK,0,1
https://jobrecruitment.in/job.php?role=Cloud-DevOps-Engineer&city=Dhanbad&country=India,job.php,WEAK,0,1
https://jobrecruitment.in/job.php?role=Cloud-DevOps-Engineer&city=Madurai&country=India,job.php,WEAK,0,1
https://jobrecruitment.in/job.php?role=Cloud-DevOps-Engineer&city=Raipur&country=India,job.php,WEAK,0,1
https://jobrecruitment.in/job.php?role=Cloud-DevOps-Engineer&city=Srinagar&country=India,job.php,WEAK,0,1
https://jobrecruitment.in/job.php?role=Cloud-DevOps-Engineer&city=Vadodara&country=India,job.php,WEAK,0,1
https://jobrecruitment.in/job.php?role=Cloud-DevOps-Engineer&city=Vasai-Virar&country=India,job.php,WEAK,0,1
https://jobrecruitment.in/job.php?role=Cloud-DevOps-Engineer&city=Visakhapatnam&country=India,job.php,WEAK,0,1
https://jobrecruitment.in/job.php?role=Content-Writer&city=Allahabad&country=India,job.php,WEAK,0,1
https://jobrecruitment.in/job.php?role=Content-Writer&city=Madurai&country=India,job.php,WEAK,0,1
https://jobrecruitment.in/job.php?role=Content-Writer&city=Ranchi&country=India,job.php,WEAK,0,1
https://jobrecruitment.in/job.php?role=Content-Writer&city=Vadodara&country=India,job.php,WEAK,0,1
https://jobrecruitment.in/job.php?role=Content-Writer&state=Telangana&country=India,job.php,WEAK,0,1
https://jobrecruitment.in/job.php?role=Customer-Support-Executive&city=Ghaziabad&country=India,job.php,WEAK,0,1
https://jobrecruitment.in/job.php?role=Customer-Support-Executive&city=Surat&country=India,job.php,WEAK,0,1
https://jobrecruitment.in/job.php?role=Cybersecurity-Analyst&city=Jaipur&country=India,job.php,WEAK,0,1
https://jobrecruitment.in/job.php?role=Cybersecurity-Analyst&city=Nashik&country=India,job.php,WEAK,0,1
https://jobrecruitment.in/job.php?role=Cybersecurity-Analyst&city=Vijayawada&country=India,job.php,WEAK,0,1
https://jobrecruitment.in/job.php?role=Data-Analyst&city=Amritsar&country=India,job.php,WEAK,0,1
https://jobrecruitment.in/job.php?role=Data-Analyst&city=Coimbatore&country=India,job.php,WEAK,0,1
https://jobrecruitment.in/job.php?role=Data-Analyst&city=Faridabad&country=India,job.php,WEAK,0,1
https://jobrecruitment.in/job.php?role=Data-Analyst&city=Indore&country=India,job.php,WEAK,0,1
https://jobrecruitment.in/job.php?role=Data-Analyst&city=Jabalpur&country=India,job.php,WEAK,0,1
https://jobrecruitment.in/job.php?role=Data-Analyst&city=Jaipur&country=India,job.php,WEAK,0,1
https://jobrecruitment.in/job.php?role=Data-Analyst&city=Kalyan-Dombivli&country=India,job.php,WEAK,0,1
https://jobrecruitment.in/job.php?role=Data-Analyst&city=Ludhiana&country=India,job.php,WEAK,0,1
https://jobrecruitment.in/job.php?role=Data-Analyst&city=Navi-Mumbai&country=India,job.php,WEAK,0,1
https://jobrecruitment.in/job.php?role=Data-Analyst&city=Patna&country=India,job.php,WEAK,0,1
https://jobrecruitment.in/job.php?role=Data-Analyst&city=Surat&country=India,job.php,WEAK,0,1
https://jobrecruitment.in/job.php?role=Data-Analyst&city=Vasai-Virar&country=India,job.php,WEAK,0,1
https://jobrecruitment.in/job.php?role=Data-Analyst&city=Vijayawada&country=India,job.php,WEAK,0,1
https://jobrecruitment.in/job.php?role=Data-Analyst&state=Bihar&country=India,job.php,WEAK,0,1
https://jobrecruitment.in/job.php?role=Delivery-Partner&city=Gwalior&country=India,job.php,WEAK,0,1
https://jobrecruitment.in/job.php?role=Delivery-Partner&city=Lucknow&country=India,job.php,WEAK,0,1
https://jobrecruitment.in/job.php?role=Delivery-Partner&city=Mumbai&country=India,job.php,WEAK,0,1
https://jobrecruitment.in/job.php?role=Delivery-Partner&city=Patna&country=India,job.php,WEAK,0,1
https://jobrecruitment.in/job.php?role=Delivery-Partner&city=Srinagar&country=India,job.php,WEAK,0,1
https://jobrecruitment.in/job.php?role=Delivery-Partner&state=Delhi&country=India,job.php,WEAK,0,1
https://jobrecruitment.in/job.php?role=Digital-Marketing&city=Kota&country=India,job.php,WEAK,0,1
https://jobrecruitment.in/job.php?role=Digital-Marketing&city=Madurai&country=India,job.php,WEAK,0,1
https://jobrecruitment.in/job.php?role=Digital-Marketing&city=Pune&country=India,job.php,WEAK,0,1
https://jobrecruitment.in/job.php?role=Digital-Marketing&city=Srinagar&country=India,job.php,WEAK,0,1
https://jobrecruitment.in/job.php?role=Digital-Marketing&state=Andhra-Pradesh&country=India,job.php,WEAK,0,1
https://jobrecruitment.in/job.php?role=Electrical-Engineer&city=Ghaziabad&country=India,job.php,WEAK,0,1
https://jobrecruitment.in/job.php?role=Electrical-Engineer&city=Guwahati&country=India,job.php,WEAK,0,1
https://jobrecruitment.in/job.php?role=Electrical-Engineer&city=Indore&country=India,job.php,WEAK,0,1
https://jobrecruitment.in/job.php?role=Electrical-Engineer&city=Meerut&country=India,job.php,WEAK,0,1
https://jobrecruitment.in/job.php?role=Electrical-Engineer&city=Patna&country=India,job.php,WEAK,0,1
https://jobrecruitment.in/job.php?role=Electrical-Engineer&city=Pune&country=India,job.php,WEAK,0,1
https://jobrecruitment.in/job.php?role=Electrical-Engineer&state=Kerala&country=India,job.php,WEAK,0,1
https://jobrecruitment.in/job.php?role=Financial-Analyst&city=Bhopal&country=India,job.php,WEAK,0,1
https://jobrecruitment.in/job.php?role=Financial-Analyst&city=Faridabad&country=India,job.php,WEAK,0,1
https://jobrecruitment.in/job.php?role=Financial-Analyst&city=Ghaziabad&country=India,job.php,WEAK,0,1
https://jobrecruitment.in/job.php?role=Financial-Analyst&city=Lucknow&country=India,job.php,WEAK,0,1
https://jobrecruitment.in/job.php?role=Financial-Analyst&city=Rajkot&country=India,job.php,WEAK,0,1
https://jobrecruitment.in/job.php?role=Financial-Analyst&state=Gujarat&country=India,job.php,WEAK,0,1
https://jobrecruitment.in/job.php?role=Financial-Analyst&state=Madhya-Pradesh&country=India,job.php,WEAK,0,1
https://jobrecruitment.in/job.php?role=Fintech-Developer&city=Hyderabad&country=India,job.php,WEAK,0,1
https://jobrecruitment.in/job.php?role=Fintech-Developer&city=Jodhpur&country=India,job.php,WEAK,0,1
https://jobrecruitment.in/job.php?role=Fintech-Developer&city=Visakhapatnam&country=India,job.php,WEAK,0,1
https://jobrecruitment.in/job.php?role=Full-Stack-Engineer&city=Guwahati&country=India,job.php,WEAK,0,1
https://jobrecruitment.in/job.php?role=Graphic-Designer&city=Chandigarh&country=India,job.php,WEAK,0,1
https://jobrecruitment.in/job.php?role=Graphic-Designer&city=Kanpur&country=India,job.php,WEAK,0,1
https://jobrecruitment.in/job.php?role=Graphic-Designer&city=Lucknow&country=India,job.php,WEAK,0,1
https://jobrecruitment.in/job.php?role=Graphic-Designer&city=Pimpri-Chinchwad&country=India,job.php,WEAK,0,1
https://jobrecruitment.in/job.php?role=Graphic-Designer&state=Andhra-Pradesh&country=India,job.php,WEAK,0,1
https://jobrecruitment.in/job.php?role=Graphic-Designer&state=West-Bengal&country=India,job.php,WEAK,0,1
https://jobrecruitment.in/job.php?role=HR-Manager&city=Agra&country=India,job.php,WEAK,0,1
https://jobrecruitment.in/job.php?role=HR-Manager&city=Kanpur&country=India,job.php,WEAK,0,1
https://jobrecruitment.in/job.php?role=HR-Manager&city=Rajkot&country=India,job.php,WEAK,0,1
https://jobrecruitment.in/job.php?role=HR-Manager&city=Vadodara&country=India,job.php,WEAK,0,1
https://jobrecruitment.in/job.php?role=HR-Manager&city=Vasai-Virar&country=India,job.php,WEAK,0,1
https://jobrecruitment.in/job.php?role=Inventory-Control&city=Bhopal&country=India,job.php,WEAK,0,1
https://jobrecruitment.in/job.php?role=Inventory-Control&city=Vadodara&country=India,job.php,WEAK,0,1
https://jobrecruitment.in/job.php?role=Java-Developer&city=Ahmedabad&country=India,job.php,WEAK,0,1
https://jobrecruitment.in/job.php?role=Java-Developer&city=Bengaluru&country=India,job.php,WEAK,0,1
https://jobrecruitment.in/job.php?role=Java-Developer&city=Dhanbad&country=India,job.php,WEAK,0,1
https://jobrecruitment.in/job.php?role=Java-Developer&city=Ghaziabad&country=India,job.php,WEAK,0,1
https://jobrecruitment.in/job.php?role=Java-Developer&city=Gurugram&country=India,job.php,WEAK,0,1
https://jobrecruitment.in/job.php?role=Java-Developer&city=Kanpur&country=India,job.php,WEAK,0,1
https://jobrecruitment.in/job.php?role=Java-Developer&city=Kolkata&country=India,job.php,WEAK,0,1
https://jobrecruitment.in/job.php?role=Java-Developer&city=Madurai&country=India,job.php,WEAK,0,1
https://jobrecruitment.in/job.php?role=Java-Developer&city=Navi-Mumbai&country=India,job.php,WEAK,0,1
https://jobrecruitment.in/job.php?role=Java-Developer&city=Ranchi&country=India,job.php,WEAK,0,1
https://jobrecruitment.in/job.php?role=Java-Developer&state=Andhra-Pradesh&country=India,job.php,WEAK,0,1
https://jobrecruitment.in/job.php?role=Java-Developer&state=Rajasthan&country=India,job.php,WEAK,0,1
https://jobrecruitment.in/job.php?role=Java-Developer&state=Tamil-Nadu&country=India,job.php,WEAK,0,1
https://jobrecruitment.in/job.php?role=Lab-Technician&city=Agra&country=India,job.php,WEAK,0,1
https://jobrecruitment.in/job.php?role=Lab-Technician&city=Guwahati&country=India,job.php,WEAK,0,1
https://jobrecruitment.in/job.php?role=Lab-Technician&city=Indore&country=India,job.php,WEAK,0,1
https://jobrecruitment.in/job.php?role=Lab-Technician&city=Kanpur&country=India,job.php,WEAK,0,1
https://jobrecruitment.in/job.php?role=Lab-Technician&city=Kolkata&country=India,job.php,WEAK,0,1
https://jobrecruitment.in/job.php?role=Lab-Technician&city=Madurai&country=India,job.php,WEAK,0,1
https://jobrecruitment.in/job.php?role=Lab-Technician&city=Nagpur&country=India,job.php,WEAK,0,1
https://jobrecruitment.in/job.php?role=Lab-Technician&city=Noida&country=India,job.php,WEAK,0,1
https://jobrecruitment.in/job.php?role=Lab-Technician&city=Ranchi&country=India,job.php,WEAK,0,1
https://jobrecruitment.in/job.php?role=Lab-Technician&city=Thane&country=India,job.php,WEAK,0,1
https://jobrecruitment.in/job.php?role=Lab-Technician&city=Visakhapatnam&country=India,job.php,WEAK,0,1
https://jobrecruitment.in/job.php?role=Lab-Technician&state=Andhra-Pradesh&country=India,job.php,WEAK,0,1
https://jobrecruitment.in/job.php?role=Lab-Technician&state=Kerala&country=India,job.php,WEAK,0,1
https://jobrecruitment.in/job.php?role=Lab-Technician&state=West-Bengal&country=India,job.php,WEAK,0,1
https://jobrecruitment.in/job.php?role=Logistics-Coordinator&city=Bhopal&country=India,job.php,WEAK,0,1
https://jobrecruitment.in/job.php?role=Logistics-Coordinator&city=Ghaziabad&country=India,job.php,WEAK,0,1
https://jobrecruitment.in/job.php?role=Logistics-Coordinator&city=Kanpur&country=India,job.php,WEAK,0,1
https://jobrecruitment.in/job.php?role=Logistics-Coordinator&city=Meerut&country=India,job.php,WEAK,0,1
https://jobrecruitment.in/job.php?role=Logistics-Coordinator&state=Punjab&country=India,job.php,WEAK,0,1
https://jobrecruitment.in/job.php?role=Logistics-Coordinator&state=Rajasthan&country=India,job.php,WEAK,0,1
https://jobrecruitment.in/job.php?role=Machine-Learning-Engineer&city=Navi-Mumbai&country=India,job.php,WEAK,0,1
https://jobrecruitment.in/job.php?role=Machine-Learning-Engineer&city=Pimpri-Chinchwad&country=India,job.php,WEAK,0,1
https://jobrecruitment.in/job.php?role=Machine-Learning-Engineer&city=Surat&country=India,job.php,WEAK,0,1
https://jobrecruitment.in/job.php?role=Machine-Learning-Engineer&state=Madhya-Pradesh&country=India,job.php,WEAK,0,1
https://jobrecruitment.in/job.php?role=Mechanical-Engineer&city=Ahmedabad&country=India,job.php,WEAK,0,1
https://jobrecruitment.in/job.php?role=Mechanical-Engineer&city=Bhopal&country=India,job.php,WEAK,0,1
https://jobrecruitment.in/job.php?role=Mechanical-Engineer&city=Chandigarh&country=India,job.php,WEAK,0,1
https://jobrecruitment.in/job.php?role=Mechanical-Engineer&city=Guwahati&country=India,job.php,WEAK,0,1
https://jobrecruitment.in/job.php?role=Mechanical-Engineer&city=Indore&country=India,job.php,WEAK,0,1
https://jobrecruitment.in/job.php?role=Mechanical-Engineer&city=Kalyan-Dombivli&country=India,job.php,WEAK,0,1
https://jobrecruitment.in/job.php?role=Mechanical-Engineer&city=Surat&country=India,job.php,WEAK,0,1
https://jobrecruitment.in/job.php?role=Mechanical-Engineer&city=Varanasi&country=India,job.php,WEAK,0,1
https://jobrecruitment.in/job.php?role=Mechanical-Engineer&city=Vijayawada&country=India,job.php,WEAK,0,1
https://jobrecruitment.in/job.php?role=Mechanical-Engineer&state=Karnataka&country=India,job.php,WEAK,0,1
https://jobrecruitment.in/job.php?role=Mechanical-Engineer&state=Punjab&country=India,job.php,WEAK,0,1
https://jobrecruitment.in/job.php?role=Medical-Representative&city=Jodhpur&country=India,job.php,WEAK,0,1
https://jobrecruitment.in/job.php?role=Medical-Representative&city=Mumbai&country=India,job.php,WEAK,0,1
https://jobrecruitment.in/job.php?role=Medical-Representative&city=Rajkot&country=India,job.php,WEAK,0,1
https://jobrecruitment.in/job.php?role=Medical-Representative&city=Surat&country=India,job.php,WEAK,0,1
https://jobrecruitment.in/job.php?role=Operations-Manager&city=Agra&country=India,job.php,WEAK,0,1
https://jobrecruitment.in/job.php?role=Operations-Manager&city=Coimbatore&country=India,job.php,WEAK,0,1
https://jobrecruitment.in/job.php?role=Operations-Manager&city=Faridabad&country=India,job.php,WEAK,0,1
https://jobrecruitment.in/job.php?role=Operations-Manager&city=Gwalior&country=India,job.php,WEAK,0,1
https://jobrecruitment.in/job.php?role=Operations-Manager&city=Jodhpur&country=India,job.php,WEAK,0,1
https://jobrecruitment.in/job.php?role=Operations-Manager&city=Kanpur&country=India,job.php,WEAK,0,1
https://jobrecruitment.in/job.php?role=Operations-Manager&city=Ludhiana&country=India,job.php,WEAK,0,1
https://jobrecruitment.in/job.php?role=Operations-Manager&city=Madurai&country=India,job.php,WEAK,0,1
https://jobrecruitment.in/job.php?role=Operations-Manager&city=Rajkot&country=India,job.php,WEAK,0,1
https://jobrecruitment.in/job.php?role=Operations-Manager&city=Thane&country=India,job.php,WEAK,0,1
https://jobrecruitment.in/job.php?role=Operations-Manager&state=Bihar&country=India,job.php,WEAK,0,1
https://jobrecruitment.in/job.php?role=Operations-Manager&state=Gujarat&country=India,job.php,WEAK,0,1
https://jobrecruitment.in/job.php?role=PHP-Developer&city=Bengaluru&country=India,job.php,WEAK,0,1
https://jobrecruitment.in/job.php?role=PHP-Developer&city=Nashik&country=India,job.php,WEAK,0,1
https://jobrecruitment.in/job.php?role=PHP-Developer&city=Noida&country=India,job.php,WEAK,0,1
https://jobrecruitment.in/job.php?role=PHP-Developer&city=Rajkot&country=India,job.php,WEAK,0,1
https://jobrecruitment.in/job.php?role=PHP-Developer&state=Punjab&country=India,job.php,WEAK,0,1
https://jobrecruitment.in/job.php?role=Pharmacist&city=Allahabad&country=India,job.php,WEAK,0,1
https://jobrecruitment.in/job.php?role=Pharmacist&city=Chandigarh&country=India,job.php,WEAK,0,1
https://jobrecruitment.in/job.php?role=Pharmacist&city=Dhanbad&country=India,job.php,WEAK,0,1
https://jobrecruitment.in/job.php?role=Pharmacist&city=Kalyan-Dombivli&country=India,job.php,WEAK,0,1
https://jobrecruitment.in/job.php?role=Pharmacist&city=Ludhiana&country=India,job.php,WEAK,0,1
https://jobrecruitment.in/job.php?role=Pharmacist&city=Noida&country=India,job.php,WEAK,0,1
https://jobrecruitment.in/job.php?role=Pharmacist&city=Rajkot&country=India,job.php,WEAK,0,1
https://jobrecruitment.in/job.php?role=Pharmacist&city=Vadodara&country=India,job.php,WEAK,0,1
https://jobrecruitment.in/job.php?role=Pharmacist&city=Varanasi&country=India,job.php,WEAK,0,1
https://jobrecruitment.in/job.php?role=Pharmacist&state=Delhi&country=India,job.php,WEAK,0,1
https://jobrecruitment.in/job.php?role=Pharmacist&state=West-Bengal&country=India,job.php,WEAK,0,1
https://jobrecruitment.in/job.php?role=Project-Manager&city=Amritsar&country=India,job.php,WEAK,0,1
https://jobrecruitment.in/job.php?role=Project-Manager&city=Guwahati&country=India,job.php,WEAK,0,1
https://jobrecruitment.in/job.php?role=Project-Manager&city=Kolkata&country=India,job.php,WEAK,0,1
https://jobrecruitment.in/job.php?role=Project-Manager&city=Madurai&country=India,job.php,WEAK,0,1
https://jobrecruitment.in/job.php?role=Project-Manager&city=Noida&country=India,job.php,WEAK,0,1
https://jobrecruitment.in/job.php?role=Project-Manager&city=Patna&country=India,job.php,WEAK,0,1
https://jobrecruitment.in/job.php?role=Project-Manager&city=Rajkot&country=India,job.php,WEAK,0,1
https://jobrecruitment.in/job.php?role=Python-Developer&city=Kalyan-Dombivli&country=India,job.php,WEAK,0,1
https://jobrecruitment.in/job.php?role=Python-Developer&city=Lucknow&country=India,job.php,WEAK,0,1
https://jobrecruitment.in/job.php?role=Python-Developer&city=Meerut&country=India,job.php,WEAK,0,1
https://jobrecruitment.in/job.php?role=Python-Developer&city=Mumbai&country=India,job.php,WEAK,0,1
https://jobrecruitment.in/job.php?role=Python-Developer&city=Navi-Mumbai&country=India,job.php,WEAK,0,1
https://jobrecruitment.in/job.php?role=QA-Tester&city=Bhopal&country=India,job.php,WEAK,0,1
https://jobrecruitment.in/job.php?role=QA-Tester&city=Kolkata&country=India,job.php,WEAK,0,1
https://jobrecruitment.in/job.php?role=QA-Tester&city=Vadodara&country=India,job.php,WEAK,0,1
https://jobrecruitment.in/job.php?role=QA-Tester&city=Vijayawada&country=India,job.php,WEAK,0,1
https://jobrecruitment.in/job.php?role=QA-Tester&state=Andhra-Pradesh&country=India,job.php,WEAK,0,1
https://jobrecruitment.in/job.php?role=Quality-Control&city=Madurai&country=India,job.php,WEAK,0,1
https://jobrecruitment.in/job.php?role=Quality-Control&city=Patna&country=India,job.php,WEAK,0,1
https://jobrecruitment.in/job.php?role=Quality-Control&city=Vasai-Virar&country=India,job.php,WEAK,0,1
https://jobrecruitment.in/job.php?role=React-Developer&city=Aurangabad&country=India,job.php,WEAK,0,1
https://jobrecruitment.in/job.php?role=React-Developer&city=Bhopal&country=India,job.php,WEAK,0,1
https://jobrecruitment.in/job.php?role=React-Developer&city=Lucknow&country=India,job.php,WEAK,0,1
https://jobrecruitment.in/job.php?role=React-Developer&city=Navi-Mumbai&country=India,job.php,WEAK,0,1
https://jobrecruitment.in/job.php?role=React-Developer&city=Patna&country=India,job.php,WEAK,0,1
https://jobrecruitment.in/job.php?role=React-Developer&city=Pimpri-Chinchwad&country=India,job.php,WEAK,0,1
https://jobrecruitment.in/job.php?role=React-Developer&city=Varanasi&country=India,job.php,WEAK,0,1
https://jobrecruitment.in/job.php?role=React-Developer&city=Vijayawada&country=India,job.php,WEAK,0,1
https://jobrecruitment.in/job.php?role=React-Developer&city=Visakhapatnam&country=India,job.php,WEAK,0,1
https://jobrecruitment.in/job.php?role=React-Developer&state=Maharashtra&country=India,job.php,WEAK,0,1
https://jobrecruitment.in/job.php?role=Retail-Store-Manager&city=Bhopal&country=India,job.php,WEAK,0,1
https://jobrecruitment.in/job.php?role=Retail-Store-Manager&city=Guwahati&country=India,job.php,WEAK,0,1
https://jobrecruitment.in/job.php?role=Retail-Store-Manager&city=Lucknow&country=India,job.php,WEAK,0,1
https://jobrecruitment.in/job.php?role=Retail-Store-Manager&city=Madurai&country=India,job.php,WEAK,0,1
https://jobrecruitment.in/job.php?role=Retail-Store-Manager&city=Nagpur&country=India,job.php,WEAK,0,1
https://jobrecruitment.in/job.php?role=Retail-Store-Manager&city=Noida&country=India,job.php,WEAK,0,1
https://jobrecruitment.in/job.php?role=Retail-Store-Manager&city=Pune&country=India,job.php,WEAK,0,1
https://jobrecruitment.in/job.php?role=Retail-Store-Manager&city=Srinagar&country=India,job.php,WEAK,0,1
https://jobrecruitment.in/job.php?role=Retail-Store-Manager&city=Vasai-Virar&country=India,job.php,WEAK,0,1
https://jobrecruitment.in/job.php?role=Risk-Compliance-Analyst&city=Allahabad&country=India,job.php,WEAK,0,1
https://jobrecruitment.in/job.php?role=Risk-Compliance-Analyst&city=Gurugram&country=India,job.php,WEAK,0,1
https://jobrecruitment.in/job.php?role=SEO-Executive&city=Ahmedabad&country=India,job.php,WEAK,0,1
https://jobrecruitment.in/job.php?role=SEO-Executive&city=Dhanbad&country=India,job.php,WEAK,0,1
https://jobrecruitment.in/job.php?role=SEO-Executive&city=Ghaziabad&country=India,job.php,WEAK,0,1
https://jobrecruitment.in/job.php?role=SEO-Executive&city=Jabalpur&country=India,job.php,WEAK,0,1
https://jobrecruitment.in/job.php?role=SEO-Executive&city=Kanpur&country=India,job.php,WEAK,0,1
https://jobrecruitment.in/job.php?role=SEO-Executive&city=Lucknow&country=India,job.php,WEAK,0,1
https://jobrecruitment.in/job.php?role=SEO-Executive&city=Meerut&country=India,job.php,WEAK,0,1
https://jobrecruitment.in/job.php?role=SEO-Executive&city=Rajkot&country=India,job.php,WEAK,0,1
https://jobrecruitment.in/job.php?role=SEO-Executive&city=Ranchi&country=India,job.php,WEAK,0,1
https://jobrecruitment.in/job.php?role=Safety-Officer&city=Allahabad&country=India,job.php,WEAK,0,1
https://jobrecruitment.in/job.php?role=Safety-Officer&city=Guwahati&country=India,job.php,WEAK,0,1
https://jobrecruitment.in/job.php?role=Safety-Officer&city=Indore&country=India,job.php,WEAK,0,1
https://jobrecruitment.in/job.php?role=Safety-Officer&city=Kanpur&country=India,job.php,WEAK,0,1
https://jobrecruitment.in/job.php?role=Safety-Officer&city=Kota&country=India,job.php,WEAK,0,1
https://jobrecruitment.in/job.php?role=Safety-Officer&city=Nagpur&country=India,job.php,WEAK,0,1
https://jobrecruitment.in/job.php?role=Safety-Officer&city=Pimpri-Chinchwad&country=India,job.php,WEAK,0,1
https://jobrecruitment.in/job.php?role=Safety-Officer&city=Pune&country=India,job.php,WEAK,0,1
https://jobrecruitment.in/job.php?role=Safety-Officer&state=Haryana&country=India,job.php,WEAK,0,1
https://jobrecruitment.in/job.php?role=Safety-Officer&state=Maharashtra&country=India,job.php,WEAK,0,1
https://jobrecruitment.in/job.php?role=Sales-Manager&city=Kanpur&country=India,job.php,WEAK,0,1
https://jobrecruitment.in/job.php?role=Software-Developer&city=Allahabad&country=India,job.php,WEAK,0,1
https://jobrecruitment.in/job.php?role=Software-Developer&city=Chennai&country=India,job.php,WEAK,0,1
https://jobrecruitment.in/job.php?role=Software-Developer&city=Jaipur&country=India,job.php,WEAK,0,1
https://jobrecruitment.in/job.php?role=Software-Developer&city=Nagpur&country=India,job.php,WEAK,0,1
https://jobrecruitment.in/job.php?role=Software-Developer&city=Noida&country=India,job.php,WEAK,0,1
https://jobrecruitment.in/job.php?role=Software-Developer&city=Rajkot&country=India,job.php,WEAK,0,1
https://jobrecruitment.in/job.php?role=Software-Developer&city=Vadodara&country=India,job.php,WEAK,0,1
https://jobrecruitment.in/job.php?role=Staff-Nurse&city=Ahmedabad&country=India,job.php,WEAK,0,1
https://jobrecruitment.in/job.php?role=Staff-Nurse&city=Aurangabad&country=India,job.php,WEAK,0,1
https://jobrecruitment.in/job.php?role=Staff-Nurse&city=Bhopal&country=India,job.php,WEAK,0,1
https://jobrecruitment.in/job.php?role=Staff-Nurse&city=Kolkata&country=India,job.php,WEAK,0,1
https://jobrecruitment.in/job.php?role=Staff-Nurse&city=Lucknow&country=India,job.php,WEAK,0,1
https://jobrecruitment.in/job.php?role=Staff-Nurse&city=Nagpur&country=India,job.php,WEAK,0,1
https://jobrecruitment.in/job.php?role=Staff-Nurse&city=Patna&country=India,job.php,WEAK,0,1
https://jobrecruitment.in/job.php?role=Staff-Nurse&city=Vijayawada&country=India,job.php,WEAK,0,1
https://jobrecruitment.in/job.php?role=Staff-Nurse&state=Gujarat&country=India,job.php,WEAK,0,1
https://jobrecruitment.in/job.php?role=Supply-Chain-Analyst&city=Chandigarh&country=India,job.php,WEAK,0,1
https://jobrecruitment.in/job.php?role=Supply-Chain-Analyst&city=Meerut&country=India,job.php,WEAK,0,1
https://jobrecruitment.in/job.php?role=Supply-Chain-Analyst&city=Noida&country=India,job.php,WEAK,0,1
https://jobrecruitment.in/job.php?role=Supply-Chain-Analyst&city=Patna&country=India,job.php,WEAK,0,1
https://jobrecruitment.in/job.php?role=Talent-Acquisition&city=Aurangabad&country=India,job.php,WEAK,0,1
https://jobrecruitment.in/job.php?role=Talent-Acquisition&city=Bengaluru&country=India,job.php,WEAK,0,1
https://jobrecruitment.in/job.php?role=Talent-Acquisition&city=Faridabad&country=India,job.php,WEAK,0,1
https://jobrecruitment.in/job.php?role=Talent-Acquisition&city=Jabalpur&country=India,job.php,WEAK,0,1
https://jobrecruitment.in/job.php?role=Talent-Acquisition&city=Jaipur&country=India,job.php,WEAK,0,1
https://jobrecruitment.in/job.php?role=Talent-Acquisition&city=Nagpur&country=India,job.php,WEAK,0,1
https://jobrecruitment.in/job.php?role=Talent-Acquisition&city=Nashik&country=India,job.php,WEAK,0,1
https://jobrecruitment.in/job.php?role=Talent-Acquisition&city=Surat&country=India,job.php,WEAK,0,1
https://jobrecruitment.in/job.php?role=Talent-Acquisition&city=Vadodara&country=India,job.php,WEAK,0,1
https://jobrecruitment.in/job.php?role=Talent-Acquisition&city=Visakhapatnam&country=India,job.php,WEAK,0,1
https://jobrecruitment.in/job.php?role=Talent-Acquisition&state=Karnataka&country=India,job.php,WEAK,0,1
https://jobrecruitment.in/job.php?role=UI-UX-Designer&city=Aurangabad&country=India,job.php,WEAK,0,1
https://jobrecruitment.in/job.php?role=UI-UX-Designer&city=Gwalior&country=India,job.php,WEAK,0,1
https://jobrecruitment.in/job.php?role=UI-UX-Designer&city=Jodhpur&country=India,job.php,WEAK,0,1
https://jobrecruitment.in/job.php?role=UI-UX-Designer&city=Kota&country=India,job.php,WEAK,0,1
https://jobrecruitment.in/job.php?role=UI-UX-Designer&city=Surat&country=India,job.php,WEAK,0,1
https://jobrecruitment.in/job.php?role=UI-UX-Designer&state=Delhi&country=India,job.php,WEAK,0,1
https://jobrecruitment.in/job.php?role=Warehouse-Manager&city=Chandigarh&country=India,job.php,WEAK,0,1
https://jobrecruitment.in/job.php?role=Warehouse-Manager&city=Faridabad&country=India,job.php,WEAK,0,1
https://jobrecruitment.in/job.php?role=Warehouse-Manager&city=Kanpur&country=India,job.php,WEAK,0,1
https://jobrecruitment.in/job.php?role=Warehouse-Manager&city=Lucknow&country=India,job.php,WEAK,0,1
https://jobrecruitment.in/job.php?role=Warehouse-Manager&city=Ludhiana&country=India,job.php,WEAK,0,1
https://jobrecruitment.in/job.php?role=Warehouse-Manager&city=Madurai&country=India,job.php,WEAK,0,1
https://jobrecruitment.in/job.php?role=Warehouse-Manager&city=Nashik&country=India,job.php,WEAK,0,1
https://jobrecruitment.in/job.php?role=Warehouse-Manager&city=Patna&country=India,job.php,WEAK,0,1
https://jobrecruitment.in/job.php?role=Warehouse-Manager&city=Thane&country=India,job.php,WEAK,0,1
https://jobrecruitment.in/job.php?role=Warehouse-Manager&city=Vadodara&country=India,job.php,WEAK,0,1
https://jobrecruitment.in/job.php?role=Warehouse-Manager&city=Vasai-Virar&country=India,job.php,WEAK,0,1
https://jobrecruitment.in/job.php?role=Warehouse-Manager&state=Uttar-Pradesh&country=India,job.php,WEAK,0,1
https://jobrecruitment.in/job.php?role=iOS-Developer&city=Chandigarh&country=India,job.php,WEAK,0,1
https://jobrecruitment.in/job.php?role=iOS-Developer&city=Meerut&country=India,job.php,WEAK,0,1
https://jobrecruitment.in/job.php?role=iOS-Developer&city=Mumbai&country=India,job.php,WEAK,0,1
https://jobrecruitment.in/job.php?role=iOS-Developer&city=Ranchi&country=India,job.php,WEAK,0,1
https://jobrecruitment.in/job.php?role=iOS-Developer&city=Surat&country=India,job.php,WEAK,0,1
https://jobrecruitment.in/job.php?role=iOS-Developer&city=Thane&country=India,job.php,WEAK,0,1
https://jobrecruitment.in/job.php?role=iOS-Developer&state=Bihar&country=India,job.php,WEAK,0,1
https://jobrecruitment.in/job.php?role=iOS-Developer&state=Kerala&country=India,job.php,WEAK,0,1
https://jobrecruitment.in/job/business-development-manager-bdm-vastrapur-ahmedabad-db1c98,job/business-development-manager-bdm-vastrapur-ahmedabad-db1c98,WEAK,0,1
https://jobrecruitment.in/job/field-sales-executive-sola-ahmedabad-4ed367,job/field-sales-executive-sola-ahmedabad-4ed367,WEAK,0,1
https://jobrecruitment.in/jobs-in-ambawadi-ahmedabad.html,jobs-in-ambawadi-ahmedabad,WEAK,0,1
https://jobrecruitment.in/jobs-in-bodakdev-ahmedabad.html,jobs-in-bodakdev-ahmedabad,WEAK,0,1
https://jobrecruitment.in/jobs-in-bopal-ahmedabad.html,jobs-in-bopal-ahmedabad,WEAK,0,1
https://jobrecruitment.in/jobs-in-maninagar-ahmedabad.html,jobs-in-maninagar-ahmedabad,WEAK,0,1
https://jobrecruitment.in/jobs-in-motera-ahmedabad.html,jobs-in-motera-ahmedabad,WEAK,0,1
https://jobrecruitment.in/jobs-in-naranpura-ahmedabad.html,jobs-in-naranpura-ahmedabad,WEAK,0,1
https://jobrecruitment.in/jobs-in-thaltej-ahmedabad.html,jobs-in-thaltej-ahmedabad,WEAK,0,1
https://jobrecruitment.in/lab-technician-job-in-ahmedabad.html,lab-technician-job-in-ahmedabad,WEAK,0,1
https://jobrecruitment.in/lab-technician-job-in-bihar.html,lab-technician-job-in-bihar,WEAK,0,1
https://jobrecruitment.in/lab-technician-job-in-gurugram.html,lab-technician-job-in-gurugram,WEAK,0,1
https://jobrecruitment.in/lab-technician-job-in-jaipur.html,lab-technician-job-in-jaipur,WEAK,0,1
https://jobrecruitment.in/lab-technician-job-in-jodhpur.html,lab-technician-job-in-jodhpur,WEAK,0,1
https://jobrecruitment.in/lab-technician-job-in-kota.html,lab-technician-job-in-kota,WEAK,0,1
https://jobrecruitment.in/lab-technician-job-in-lucknow.html,lab-technician-job-in-lucknow,WEAK,0,1
https://jobrecruitment.in/lab-technician-job-in-nagpur.html,lab-technician-job-in-nagpur,WEAK,0,1
https://jobrecruitment.in/lab-technician-job-in-nashik.html,lab-technician-job-in-nashik,WEAK,0,1
https://jobrecruitment.in/lab-technician-job-in-noida.html,lab-technician-job-in-noida,WEAK,0,1
https://jobrecruitment.in/lab-technician-job-in-pune.html,lab-technician-job-in-pune,WEAK,0,1
https://jobrecruitment.in/lab-technician-job-in-rajasthan.html,lab-technician-job-in-rajasthan,WEAK,0,1
https://jobrecruitment.in/lab-technician-job-in-visakhapatnam.html,lab-technician-job-in-visakhapatnam,WEAK,0,1
https://jobrecruitment.in/lab-technician-job-in-west-bengal.html,lab-technician-job-in-west-bengal,WEAK,0,1
https://jobrecruitment.in/logistics-coordinator-job-in-howrah.html,logistics-coordinator-job-in-howrah,WEAK,0,1
https://jobrecruitment.in/logistics-coordinator-job-in-india.html,logistics-coordinator-job-in-india,WEAK,0,1
https://jobrecruitment.in/logistics-coordinator-job-in-jabalpur.html,logistics-coordinator-job-in-jabalpur,WEAK,0,1
https://jobrecruitment.in/logistics-coordinator-job-in-kanpur.html,logistics-coordinator-job-in-kanpur,WEAK,0,1
https://jobrecruitment.in/logistics-coordinator-job-in-kerala.html,logistics-coordinator-job-in-kerala,WEAK,0,1
https://jobrecruitment.in/logistics-coordinator-job-in-meerut.html,logistics-coordinator-job-in-meerut,WEAK,0,1
https://jobrecruitment.in/logistics-coordinator-job-in-nagpur.html,logistics-coordinator-job-in-nagpur,WEAK,0,1
https://jobrecruitment.in/logistics-coordinator-job-in-noida.html,logistics-coordinator-job-in-noida,WEAK,0,1
https://jobrecruitment.in/logistics-coordinator-job-in-punjab.html,logistics-coordinator-job-in-punjab,WEAK,0,1
https://jobrecruitment.in/logistics-coordinator-job-in-rajkot.html,logistics-coordinator-job-in-rajkot,WEAK,0,1
https://jobrecruitment.in/logistics-coordinator-job-in-visakhapatnam.html,logistics-coordinator-job-in-visakhapatnam,WEAK,0,1
https://jobrecruitment.in/logistics-recruitment-agency-in-ahmedabad.html,logistics-recruitment-agency-in-ahmedabad,WEAK,0,1
https://jobrecruitment.in/logistics-recruitment-agency-in-coimbatore.html,logistics-recruitment-agency-in-coimbatore,WEAK,0,1
https://jobrecruitment.in/logistics-recruitment-agency-in-delhi.html,logistics-recruitment-agency-in-delhi,WEAK,0,1
https://jobrecruitment.in/logistics-recruitment-agency-in-guwahati.html,logistics-recruitment-agency-in-guwahati,WEAK,0,1
https://jobrecruitment.in/logistics-recruitment-agency-in-gwalior.html,logistics-recruitment-agency-in-gwalior,WEAK,0,1
https://jobrecruitment.in/logistics-recruitment-agency-in-navi-mumbai.html,logistics-recruitment-agency-in-navi-mumbai,WEAK,0,1
https://jobrecruitment.in/logistics-recruitment-agency-in-patna.html,logistics-recruitment-agency-in-patna,WEAK,0,1
https://jobrecruitment.in/logistics-recruitment-agency-in-ranchi.html,logistics-recruitment-agency-in-ranchi,WEAK,0,1
https://jobrecruitment.in/logistics-recruitment-agency-in-srinagar.html,logistics-recruitment-agency-in-srinagar,WEAK,0,1
https://jobrecruitment.in/logistics-recruitment-agency-in-thane.html,logistics-recruitment-agency-in-thane,WEAK,0,1
https://jobrecruitment.in/logistics-recruitment-agency-in-vadodara.html,logistics-recruitment-agency-in-vadodara,WEAK,0,1
https://jobrecruitment.in/machine-learning-engineer-job-in-dhanbad.html,machine-learning-engineer-job-in-dhanbad,WEAK,0,1
https://jobrecruitment.in/machine-learning-engineer-job-in-india.html,machine-learning-engineer-job-in-india,WEAK,0,1
https://jobrecruitment.in/machine-learning-engineer-job-in-surat.html,machine-learning-engineer-job-in-surat,WEAK,0,1
https://jobrecruitment.in/manufacturing-recruitment-agency-in-allahabad.html,manufacturing-recruitment-agency-in-allahabad,WEAK,0,1
https://jobrecruitment.in/manufacturing-recruitment-agency-in-amritsar.html,manufacturing-recruitment-agency-in-amritsar,WEAK,0,1
https://jobrecruitment.in/manufacturing-recruitment-agency-in-guwahati.html,manufacturing-recruitment-agency-in-guwahati,WEAK,0,1
https://jobrecruitment.in/manufacturing-recruitment-agency-in-meerut.html,manufacturing-recruitment-agency-in-meerut,WEAK,0,1
https://jobrecruitment.in/manufacturing-recruitment-agency-in-mumbai.html,manufacturing-recruitment-agency-in-mumbai,WEAK,0,1
https://jobrecruitment.in/manufacturing-recruitment-agency-in-nagpur.html,manufacturing-recruitment-agency-in-nagpur,WEAK,1,1
https://jobrecruitment.in/manufacturing-recruitment-agency-in-pune.html,manufacturing-recruitment-agency-in-pune,WEAK,0,1
https://jobrecruitment.in/manufacturing-recruitment-agency-in-ranchi.html,manufacturing-recruitment-agency-in-ranchi,WEAK,0,1
https://jobrecruitment.in/manufacturing-recruitment-agency-in-srinagar.html,manufacturing-recruitment-agency-in-srinagar,WEAK,0,1
https://jobrecruitment.in/manufacturing-recruitment-agency-in-visakhapatnam.html,manufacturing-recruitment-agency-in-visakhapatnam,WEAK,0,1
https://jobrecruitment.in/mechanical-engineer-job-in-allahabad.html,mechanical-engineer-job-in-allahabad,WEAK,0,1
https://jobrecruitment.in/mechanical-engineer-job-in-chandigarh.html,mechanical-engineer-job-in-chandigarh,WEAK,0,1
https://jobrecruitment.in/mechanical-engineer-job-in-delhi.html,mechanical-engineer-job-in-delhi,WEAK,0,1
https://jobrecruitment.in/mechanical-engineer-job-in-gurugram.html,mechanical-engineer-job-in-gurugram,WEAK,0,1
https://jobrecruitment.in/mechanical-engineer-job-in-indore.html,mechanical-engineer-job-in-indore,WEAK,0,1
https://jobrecruitment.in/mechanical-engineer-job-in-jaipur.html,mechanical-engineer-job-in-jaipur,WEAK,0,1
https://jobrecruitment.in/mechanical-engineer-job-in-kanpur.html,mechanical-engineer-job-in-kanpur,WEAK,0,1
https://jobrecruitment.in/mechanical-engineer-job-in-noida.html,mechanical-engineer-job-in-noida,WEAK,0,1
https://jobrecruitment.in/mechanical-engineer-job-in-pune.html,mechanical-engineer-job-in-pune,WEAK,0,1
https://jobrecruitment.in/mechanical-engineer-job-in-rajkot.html,mechanical-engineer-job-in-rajkot,WEAK,0,1
https://jobrecruitment.in/mechanical-engineer-job-in-ranchi.html,mechanical-engineer-job-in-ranchi,WEAK,0,1
https://jobrecruitment.in/mechanical-engineer-job-in-srinagar.html,mechanical-engineer-job-in-srinagar,WEAK,0,1
https://jobrecruitment.in/mechanical-engineer-job-in-telangana.html,mechanical-engineer-job-in-telangana,WEAK,0,1
https://jobrecruitment.in/mechanical-engineer-job-in-vadodara.html,mechanical-engineer-job-in-vadodara,WEAK,0,1
https://jobrecruitment.in/medical-representative-job-in-gurugram.html,medical-representative-job-in-gurugram,WEAK,0,1
https://jobrecruitment.in/medical-representative-job-in-guwahati.html,medical-representative-job-in-guwahati,WEAK,0,1
https://jobrecruitment.in/medical-representative-job-in-kolkata.html,medical-representative-job-in-kolkata,WEAK,0,1
https://jobrecruitment.in/medical-representative-job-in-ludhiana.html,medical-representative-job-in-ludhiana,WEAK,0,1
https://jobrecruitment.in/medical-representative-job-in-madurai.html,medical-representative-job-in-madurai,WEAK,0,1
https://jobrecruitment.in/nodejs-developer-job-in-allahabad.html,nodejs-developer-job-in-allahabad,WEAK,0,1
https://jobrecruitment.in/nodejs-developer-job-in-dhanbad.html,nodejs-developer-job-in-dhanbad,WEAK,0,1
https://jobrecruitment.in/nodejs-developer-job-in-indore.html,nodejs-developer-job-in-indore,WEAK,0,1
https://jobrecruitment.in/nodejs-developer-job-in-raipur.html,nodejs-developer-job-in-raipur,WEAK,0,1
https://jobrecruitment.in/operations-manager-job-in-andhra-pradesh.html,operations-manager-job-in-andhra-pradesh,WEAK,0,1
https://jobrecruitment.in/operations-manager-job-in-ludhiana.html,operations-manager-job-in-ludhiana,WEAK,0,1
https://jobrecruitment.in/operations-manager-job-in-mumbai.html,operations-manager-job-in-mumbai,WEAK,0,1
https://jobrecruitment.in/operations-manager-job-in-noida.html,operations-manager-job-in-noida,WEAK,0,1
https://jobrecruitment.in/operations-manager-job-in-pune.html,operations-manager-job-in-pune,WEAK,0,1
https://jobrecruitment.in/pharmacist-job-in-amritsar.html,pharmacist-job-in-amritsar,WEAK,0,1
https://jobrecruitment.in/pharmacist-job-in-aurangabad.html,pharmacist-job-in-aurangabad,WEAK,0,1
https://jobrecruitment.in/pharmacist-job-in-chandigarh.html,pharmacist-job-in-chandigarh,WEAK,0,1
https://jobrecruitment.in/pharmacist-job-in-coimbatore.html,pharmacist-job-in-coimbatore,WEAK,0,1
https://jobrecruitment.in/pharmacist-job-in-haryana.html,pharmacist-job-in-haryana,WEAK,0,1
https://jobrecruitment.in/pharmacist-job-in-hyderabad.html,pharmacist-job-in-hyderabad,WEAK,0,1
https://jobrecruitment.in/pharmacist-job-in-india.html,pharmacist-job-in-india,WEAK,0,1
https://jobrecruitment.in/pharmacist-job-in-jodhpur.html,pharmacist-job-in-jodhpur,WEAK,0,1
https://jobrecruitment.in/pharmacist-job-in-kalyan-dombivli.html,pharmacist-job-in-kalyan-dombivli,WEAK,0,1
https://jobrecruitment.in/pharmacist-job-in-kota.html,pharmacist-job-in-kota,WEAK,0,1
https://jobrecruitment.in/pharmacist-job-in-maharashtra.html,pharmacist-job-in-maharashtra,WEAK,0,1
https://jobrecruitment.in/pharmacist-job-in-meerut.html,pharmacist-job-in-meerut,WEAK,0,1
https://jobrecruitment.in/pharmacist-job-in-mumbai.html,pharmacist-job-in-mumbai,WEAK,0,1
https://jobrecruitment.in/pharmacist-job-in-nashik.html,pharmacist-job-in-nashik,WEAK,0,1
https://jobrecruitment.in/pharmacist-job-in-navi-mumbai.html,pharmacist-job-in-navi-mumbai,WEAK,0,1
https://jobrecruitment.in/pharmacist-job-in-west-bengal.html,pharmacist-job-in-west-bengal,WEAK,0,1
https://jobrecruitment.in/php-developer-job-in-bhopal.html,php-developer-job-in-bhopal,WEAK,0,1
https://jobrecruitment.in/php-developer-job-in-nashik.html,php-developer-job-in-nashik,WEAK,0,1
https://jobrecruitment.in/privacy,privacy,WEAK,0,1
https://jobrecruitment.in/project-manager-job-in-howrah.html,project-manager-job-in-howrah,WEAK,0,1
https://jobrecruitment.in/project-manager-job-in-madhya-pradesh.html,project-manager-job-in-madhya-pradesh,WEAK,0,1
https://jobrecruitment.in/project-manager-job-in-noida.html,project-manager-job-in-noida,WEAK,0,1
https://jobrecruitment.in/project-manager-job-in-vadodara.html,project-manager-job-in-vadodara,WEAK,0,1
https://jobrecruitment.in/python-developer-job-in-bihar.html,python-developer-job-in-bihar,WEAK,0,1
https://jobrecruitment.in/python-developer-job-in-chandigarh.html,python-developer-job-in-chandigarh,WEAK,0,1
https://jobrecruitment.in/python-developer-job-in-haryana.html,python-developer-job-in-haryana,WEAK,0,1
https://jobrecruitment.in/python-developer-job-in-kanpur.html,python-developer-job-in-kanpur,WEAK,0,1
https://jobrecruitment.in/python-developer-job-in-meerut.html,python-developer-job-in-meerut,WEAK,0,1
https://jobrecruitment.in/python-developer-job-in-nashik.html,python-developer-job-in-nashik,WEAK,0,1
https://jobrecruitment.in/python-developer-job-in-navi-mumbai.html,python-developer-job-in-navi-mumbai,WEAK,0,1
https://jobrecruitment.in/python-developer-job-in-noida.html,python-developer-job-in-noida,WEAK,0,1
https://jobrecruitment.in/python-developer-job-in-ranchi.html,python-developer-job-in-ranchi,WEAK,0,1
https://jobrecruitment.in/python-developer-job-in-surat.html,python-developer-job-in-surat,WEAK,0,1
https://jobrecruitment.in/python-developer-job-in-thane.html,python-developer-job-in-thane,WEAK,0,1
https://jobrecruitment.in/python-developer-job-in-vadodara.html,python-developer-job-in-vadodara,WEAK,0,1
https://jobrecruitment.in/python-developer-job-in-vijayawada.html,python-developer-job-in-vijayawada,WEAK,0,1
https://jobrecruitment.in/qa-tester-job-in-chennai.html,qa-tester-job-in-chennai,WEAK,0,1
https://jobrecruitment.in/qa-tester-job-in-delhi.html,qa-tester-job-in-delhi,WEAK,0,1
https://jobrecruitment.in/qa-tester-job-in-india.html,qa-tester-job-in-india,WEAK,0,1
https://jobrecruitment.in/qa-tester-job-in-madhya-pradesh.html,qa-tester-job-in-madhya-pradesh,WEAK,0,1
https://jobrecruitment.in/qa-tester-job-in-mumbai.html,qa-tester-job-in-mumbai,WEAK,0,1
https://jobrecruitment.in/quality-control-job-in-agra.html,quality-control-job-in-agra,WEAK,0,1
https://jobrecruitment.in/quality-control-job-in-ahmedabad.html,quality-control-job-in-ahmedabad,WEAK,0,1
https://jobrecruitment.in/quality-control-job-in-allahabad.html,quality-control-job-in-allahabad,WEAK,0,1
https://jobrecruitment.in/quality-control-job-in-dhanbad.html,quality-control-job-in-dhanbad,WEAK,0,1
https://jobrecruitment.in/quality-control-job-in-kalyan-dombivli.html,quality-control-job-in-kalyan-dombivli,WEAK,0,1
https://jobrecruitment.in/quality-control-job-in-vijayawada.html,quality-control-job-in-vijayawada,WEAK,0,1
https://jobrecruitment.in/react-developer-job-in-amritsar.html,react-developer-job-in-amritsar,WEAK,0,1
https://jobrecruitment.in/react-developer-job-in-india.html,react-developer-job-in-india,WEAK,0,1
https://jobrecruitment.in/react-developer-job-in-indore.html,react-developer-job-in-indore,WEAK,0,1
https://jobrecruitment.in/react-developer-job-in-jaipur.html,react-developer-job-in-jaipur,WEAK,0,1
https://jobrecruitment.in/react-developer-job-in-mumbai.html,react-developer-job-in-mumbai,WEAK,0,1
https://jobrecruitment.in/react-developer-job-in-vadodara.html,react-developer-job-in-vadodara,WEAK,0,1
https://jobrecruitment.in/react-developer-job-in-varanasi.html,react-developer-job-in-varanasi,WEAK,0,1
https://jobrecruitment.in/real-estate-recruitment-agency-in-aurangabad.html,real-estate-recruitment-agency-in-aurangabad,WEAK,0,1
https://jobrecruitment.in/real-estate-recruitment-agency-in-meerut.html,real-estate-recruitment-agency-in-meerut,WEAK,0,1
https://jobrecruitment.in/real-estate-recruitment-agency-in-vadodara.html,real-estate-recruitment-agency-in-vadodara,WEAK,0,1
https://jobrecruitment.in/retail-recruitment-agency-in-chandigarh.html,retail-recruitment-agency-in-chandigarh,WEAK,0,1
https://jobrecruitment.in/retail-recruitment-agency-in-coimbatore.html,retail-recruitment-agency-in-coimbatore,WEAK,0,1
https://jobrecruitment.in/retail-recruitment-agency-in-guwahati.html,retail-recruitment-agency-in-guwahati,WEAK,0,1
https://jobrecruitment.in/retail-recruitment-agency-in-indore.html,retail-recruitment-agency-in-indore,WEAK,0,1
https://jobrecruitment.in/retail-recruitment-agency-in-jodhpur.html,retail-recruitment-agency-in-jodhpur,WEAK,0,1
https://jobrecruitment.in/retail-recruitment-agency-in-kanpur.html,retail-recruitment-agency-in-kanpur,WEAK,0,1
https://jobrecruitment.in/retail-recruitment-agency-in-kota.html,retail-recruitment-agency-in-kota,WEAK,0,1
https://jobrecruitment.in/retail-recruitment-agency-in-ludhiana.html,retail-recruitment-agency-in-ludhiana,WEAK,0,1
https://jobrecruitment.in/retail-recruitment-agency-in-madurai.html,retail-recruitment-agency-in-madurai,WEAK,0,1
https://jobrecruitment.in/retail-recruitment-agency-in-mumbai.html,retail-recruitment-agency-in-mumbai,WEAK,0,1
https://jobrecruitment.in/retail-recruitment-agency-in-raipur.html,retail-recruitment-agency-in-raipur,WEAK,0,1
https://jobrecruitment.in/retail-recruitment-agency-in-varanasi.html,retail-recruitment-agency-in-varanasi,WEAK,0,1
https://jobrecruitment.in/retail-recruitment-agency-in-vasai-virar.html,retail-recruitment-agency-in-vasai-virar,WEAK,0,1
https://jobrecruitment.in/retail-store-manager-job-in-bhopal.html,retail-store-manager-job-in-bhopal,WEAK,0,1
https://jobrecruitment.in/retail-store-manager-job-in-gujarat.html,retail-store-manager-job-in-gujarat,WEAK,0,1
https://jobrecruitment.in/retail-store-manager-job-in-guwahati.html,retail-store-manager-job-in-guwahati,WEAK,0,1
https://jobrecruitment.in/retail-store-manager-job-in-gwalior.html,retail-store-manager-job-in-gwalior,WEAK,0,1
https://jobrecruitment.in/retail-store-manager-job-in-kolkata.html,retail-store-manager-job-in-kolkata,WEAK,0,1
https://jobrecruitment.in/retail-store-manager-job-in-ludhiana.html,retail-store-manager-job-in-ludhiana,WEAK,0,1
https://jobrecruitment.in/retail-store-manager-job-in-madurai.html,retail-store-manager-job-in-madurai,WEAK,0,1
https://jobrecruitment.in/retail-store-manager-job-in-nashik.html,retail-store-manager-job-in-nashik,WEAK,0,1
https://jobrecruitment.in/retail-store-manager-job-in-pimpri-chinchwad.html,retail-store-manager-job-in-pimpri-chinchwad,WEAK,0,1
https://jobrecruitment.in/retail-store-manager-job-in-ranchi.html,retail-store-manager-job-in-ranchi,WEAK,0,1
https://jobrecruitment.in/retail-store-manager-job-in-vadodara.html,retail-store-manager-job-in-vadodara,WEAK,0,1
https://jobrecruitment.in/risk-compliance-analyst-job-in-hyderabad.html,risk-compliance-analyst-job-in-hyderabad,WEAK,0,1
https://jobrecruitment.in/risk-compliance-analyst-job-in-madhya-pradesh.html,risk-compliance-analyst-job-in-madhya-pradesh,WEAK,0,1
https://jobrecruitment.in/risk-compliance-analyst-job-in-navi-mumbai.html,risk-compliance-analyst-job-in-navi-mumbai,WEAK,0,1
https://jobrecruitment.in/risk-compliance-analyst-job-in-vijayawada.html,risk-compliance-analyst-job-in-vijayawada,WEAK,0,1
https://jobrecruitment.in/safety-officer-job-in-allahabad.html,safety-officer-job-in-allahabad,WEAK,0,1
https://jobrecruitment.in/safety-officer-job-in-bhopal.html,safety-officer-job-in-bhopal,WEAK,1,1
https://jobrecruitment.in/safety-officer-job-in-gujarat.html,safety-officer-job-in-gujarat,WEAK,0,1
https://jobrecruitment.in/safety-officer-job-in-gurugram.html,safety-officer-job-in-gurugram,WEAK,0,1
https://jobrecruitment.in/safety-officer-job-in-haryana.html,safety-officer-job-in-haryana,WEAK,0,1
https://jobrecruitment.in/safety-officer-job-in-kanpur.html,safety-officer-job-in-kanpur,WEAK,0,1
https://jobrecruitment.in/safety-officer-job-in-karnataka.html,safety-officer-job-in-karnataka,WEAK,0,1
https://jobrecruitment.in/safety-officer-job-in-meerut.html,safety-officer-job-in-meerut,WEAK,0,1
https://jobrecruitment.in/safety-officer-job-in-patna.html,safety-officer-job-in-patna,WEAK,0,1
https://jobrecruitment.in/safety-officer-job-in-punjab.html,safety-officer-job-in-punjab,WEAK,0,1
https://jobrecruitment.in/sales-manager-job-in-kanpur.html,sales-manager-job-in-kanpur,WEAK,0,1
https://jobrecruitment.in/seo-executive-job-in-agra.html,seo-executive-job-in-agra,WEAK,0,1
https://jobrecruitment.in/seo-executive-job-in-amritsar.html,seo-executive-job-in-amritsar,WEAK,0,1
https://jobrecruitment.in/seo-executive-job-in-andhra-pradesh.html,seo-executive-job-in-andhra-pradesh,WEAK,0,1
https://jobrecruitment.in/seo-executive-job-in-bengaluru.html,seo-executive-job-in-bengaluru,WEAK,0,1
https://jobrecruitment.in/seo-executive-job-in-bhopal.html,seo-executive-job-in-bhopal,WEAK,0,1
https://jobrecruitment.in/seo-executive-job-in-haryana.html,seo-executive-job-in-haryana,WEAK,0,1
https://jobrecruitment.in/seo-executive-job-in-kerala.html,seo-executive-job-in-kerala,WEAK,0,1
https://jobrecruitment.in/seo-executive-job-in-madurai.html,seo-executive-job-in-madurai,WEAK,0,1
https://jobrecruitment.in/seo-executive-job-in-nagpur.html,seo-executive-job-in-nagpur,WEAK,0,1
https://jobrecruitment.in/seo-executive-job-in-noida.html,seo-executive-job-in-noida,WEAK,0,1
https://jobrecruitment.in/seo-executive-job-in-pune.html,seo-executive-job-in-pune,WEAK,0,1
https://jobrecruitment.in/seo-executive-job-in-rajkot.html,seo-executive-job-in-rajkot,WEAK,0,1
https://jobrecruitment.in/seo-executive-job-in-uttar-pradesh.html,seo-executive-job-in-uttar-pradesh,WEAK,0,1
https://jobrecruitment.in/seo-executive-job-in-vadodara.html,seo-executive-job-in-vadodara,WEAK,0,1
https://jobrecruitment.in/seo-executive-job-in-varanasi.html,seo-executive-job-in-varanasi,WEAK,0,1
https://jobrecruitment.in/software-developer-job-in-agra.html,software-developer-job-in-agra,WEAK,0,1
https://jobrecruitment.in/software-developer-job-in-guwahati.html,software-developer-job-in-guwahati,WEAK,0,1
https://jobrecruitment.in/software-developer-job-in-kanpur.html,software-developer-job-in-kanpur,WEAK,0,1
https://jobrecruitment.in/software-developer-job-in-kota.html,software-developer-job-in-kota,WEAK,0,1
https://jobrecruitment.in/software-developer-job-in-lucknow.html,software-developer-job-in-lucknow,WEAK,0,1
https://jobrecruitment.in/software-developer-job-in-nashik.html,software-developer-job-in-nashik,WEAK,0,1
https://jobrecruitment.in/software-developer-job-in-navi-mumbai.html,software-developer-job-in-navi-mumbai,WEAK,0,1
https://jobrecruitment.in/software-developer-job-in-raipur.html,software-developer-job-in-raipur,WEAK,0,1
https://jobrecruitment.in/software-developer-job-in-vadodara.html,software-developer-job-in-vadodara,WEAK,0,1
https://jobrecruitment.in/staff-nurse-job-in-andhra-pradesh.html,staff-nurse-job-in-andhra-pradesh,WEAK,0,1
https://jobrecruitment.in/staff-nurse-job-in-chandigarh.html,staff-nurse-job-in-chandigarh,WEAK,0,1
https://jobrecruitment.in/staff-nurse-job-in-coimbatore.html,staff-nurse-job-in-coimbatore,WEAK,0,1
https://jobrecruitment.in/staff-nurse-job-in-delhi.html,staff-nurse-job-in-delhi,WEAK,0,1
https://jobrecruitment.in/staff-nurse-job-in-madhya-pradesh.html,staff-nurse-job-in-madhya-pradesh,WEAK,0,1
https://jobrecruitment.in/staff-nurse-job-in-madurai.html,staff-nurse-job-in-madurai,WEAK,0,1
https://jobrecruitment.in/staff-nurse-job-in-nagpur.html,staff-nurse-job-in-nagpur,WEAK,0,1
https://jobrecruitment.in/staff-nurse-job-in-punjab.html,staff-nurse-job-in-punjab,WEAK,0,1
https://jobrecruitment.in/staff-nurse-job-in-vasai-virar.html,staff-nurse-job-in-vasai-virar,WEAK,0,1
https://jobrecruitment.in/supply-chain-analyst-job-in-bengaluru.html,supply-chain-analyst-job-in-bengaluru,WEAK,0,1
https://jobrecruitment.in/supply-chain-analyst-job-in-coimbatore.html,supply-chain-analyst-job-in-coimbatore,WEAK,0,1
https://jobrecruitment.in/supply-chain-analyst-job-in-jabalpur.html,supply-chain-analyst-job-in-jabalpur,WEAK,0,1
https://jobrecruitment.in/supply-chain-analyst-job-in-madhya-pradesh.html,supply-chain-analyst-job-in-madhya-pradesh,WEAK,0,1
https://jobrecruitment.in/supply-chain-analyst-job-in-madurai.html,supply-chain-analyst-job-in-madurai,WEAK,0,1
https://jobrecruitment.in/supply-chain-analyst-job-in-meerut.html,supply-chain-analyst-job-in-meerut,WEAK,0,1
https://jobrecruitment.in/supply-chain-analyst-job-in-rajasthan.html,supply-chain-analyst-job-in-rajasthan,WEAK,0,1
https://jobrecruitment.in/supply-chain-analyst-job-in-surat.html,supply-chain-analyst-job-in-surat,WEAK,0,1
https://jobrecruitment.in/supply-chain-analyst-job-in-tamil-nadu.html,supply-chain-analyst-job-in-tamil-nadu,WEAK,0,1
https://jobrecruitment.in/supply-chain-analyst-job-in-vadodara.html,supply-chain-analyst-job-in-vadodara,WEAK,0,1
https://jobrecruitment.in/talent-acquisition-job-in-agra.html,talent-acquisition-job-in-agra,WEAK,0,1
https://jobrecruitment.in/talent-acquisition-job-in-chandigarh.html,talent-acquisition-job-in-chandigarh,WEAK,0,1
https://jobrecruitment.in/talent-acquisition-job-in-chennai.html,talent-acquisition-job-in-chennai,WEAK,0,1
https://jobrecruitment.in/talent-acquisition-job-in-delhi.html,talent-acquisition-job-in-delhi,WEAK,0,1
https://jobrecruitment.in/talent-acquisition-job-in-gujarat.html,talent-acquisition-job-in-gujarat,WEAK,0,1
https://jobrecruitment.in/talent-acquisition-job-in-guwahati.html,talent-acquisition-job-in-guwahati,WEAK,0,1
https://jobrecruitment.in/talent-acquisition-job-in-kanpur.html,talent-acquisition-job-in-kanpur,WEAK,0,1
https://jobrecruitment.in/talent-acquisition-job-in-maharashtra.html,talent-acquisition-job-in-maharashtra,WEAK,0,1
https://jobrecruitment.in/talent-acquisition-job-in-pune.html,talent-acquisition-job-in-pune,WEAK,0,1
https://jobrecruitment.in/talent-acquisition-job-in-raipur.html,talent-acquisition-job-in-raipur,WEAK,0,1
https://jobrecruitment.in/talent-acquisition-job-in-rajasthan.html,talent-acquisition-job-in-rajasthan,WEAK,0,1
https://jobrecruitment.in/talent-acquisition-job-in-rajkot.html,talent-acquisition-job-in-rajkot,WEAK,0,1
https://jobrecruitment.in/talent-acquisition-job-in-tamil-nadu.html,talent-acquisition-job-in-tamil-nadu,WEAK,0,1
https://jobrecruitment.in/talent-acquisition-job-in-visakhapatnam.html,talent-acquisition-job-in-visakhapatnam,WEAK,0,1
https://jobrecruitment.in/ui-ux-designer-job-in-allahabad.html,ui-ux-designer-job-in-allahabad,WEAK,0,1
https://jobrecruitment.in/ui-ux-designer-job-in-amritsar.html,ui-ux-designer-job-in-amritsar,WEAK,0,1
https://jobrecruitment.in/ui-ux-designer-job-in-coimbatore.html,ui-ux-designer-job-in-coimbatore,WEAK,0,1
https://jobrecruitment.in/ui-ux-designer-job-in-delhi.html,ui-ux-designer-job-in-delhi,WEAK,0,1
https://jobrecruitment.in/ui-ux-designer-job-in-faridabad.html,ui-ux-designer-job-in-faridabad,WEAK,0,1
https://jobrecruitment.in/ui-ux-designer-job-in-gurugram.html,ui-ux-designer-job-in-gurugram,WEAK,0,1
https://jobrecruitment.in/ui-ux-designer-job-in-kerala.html,ui-ux-designer-job-in-kerala,WEAK,0,1
https://jobrecruitment.in/ui-ux-designer-job-in-kolkata.html,ui-ux-designer-job-in-kolkata,WEAK,0,1
https://jobrecruitment.in/ui-ux-designer-job-in-mumbai.html,ui-ux-designer-job-in-mumbai,WEAK,0,1
https://jobrecruitment.in/ui-ux-designer-job-in-nashik.html,ui-ux-designer-job-in-nashik,WEAK,0,1
https://jobrecruitment.in/ui-ux-designer-job-in-noida.html,ui-ux-designer-job-in-noida,WEAK,0,1
https://jobrecruitment.in/warehouse-manager-job-in-agra.html,warehouse-manager-job-in-agra,WEAK,0,1
https://jobrecruitment.in/warehouse-manager-job-in-ahmedabad.html,warehouse-manager-job-in-ahmedabad,WEAK,0,1
https://jobrecruitment.in/warehouse-manager-job-in-bhopal.html,warehouse-manager-job-in-bhopal,WEAK,0,1
https://jobrecruitment.in/warehouse-manager-job-in-howrah.html,warehouse-manager-job-in-howrah,WEAK,0,1
https://jobrecruitment.in/warehouse-manager-job-in-madhya-pradesh.html,warehouse-manager-job-in-madhya-pradesh,WEAK,0,1
https://jobrecruitment.in/warehouse-manager-job-in-visakhapatnam.html,warehouse-manager-job-in-visakhapatnam,WEAK,0,1
